Building,Bed,Bath,Study,Floor Plan,URL,Floor Plan Viewer,SF,Orientation,Unit Numbers,Quantity,
Spring Condos,1,1,FALSE,A,https://drive.google.com/file/d/11S1kX5x-JIyooL-GDF8qbyhsw17BWQoT/view?usp=drive_link,https://drive.google.com/uc?export=view&id=11S1kX5x-JIyooL-GDF8qbyhsw17BWQoT,565,"E, W, W","602-2302, 606-2306, 2404-3804",51,
Spring Condos,1,1,FALSE,B,https://drive.google.com/file/d/1nhYYYGY_Im4md9_A3Zx_YRkCbc97aX1V/view?usp=drive_link,https://drive.google.com/uc?export=view&id=1nhYYYGY_Im4md9_A3Zx_YRkCbc97aX1V,704,S,604-2304,18,
Spring Condos,1,1,FALSE,B1,https://drive.google.com/file/d/1PELQDXrOBjNuqZxksaHRfJUUYM26Iva0/view?usp=drive_link,https://drive.google.com/uc?export=view&id=1PELQDXrOBjNuqZxksaHRfJUUYM26Iva0,698,"N, N","608-2308, 2506-3806",33,
Spring Condos,2,2,FALSE,C,https://drive.google.com/file/d/1msDZ3CuQcD6o55fcauAGz0ks3AwQy3LA/view?usp=drive_link,https://drive.google.com/uc?export=view&id=1msDZ3CuQcD6o55fcauAGz0ks3AwQy3LA,983,"SEc, NWc, NWc","603-2303, 607-2307, 2405-3805",51,
Spring Condos,2,2,FALSE,D,https://drive.google.com/file/d/1uO4dHdOfTUMqXmsIqxZwDREWo2XlQ7jo/view?usp=drive_link,https://drive.google.com/uc?export=view&id=1uO4dHdOfTUMqXmsIqxZwDREWo2XlQ7jo,"1,038",NEc,601-2301,18,
Spring Condos,2,2,FALSE,D1,https://drive.google.com/file/d/1uO4dHdOfTUMqXmsIqxZwDREWo2XlQ7jo/view?usp=drive_link,https://drive.google.com/uc?export=view&id=1uO4dHdOfTUMqXmsIqxZwDREWo2XlQ7jo,"1,061","SWc, SWc","605-2305, 2403-3803",33,
Spring Condos,3,3,FALSE,E,https://drive.google.com/file/d/1Smh8h1YQipYRebxYXZuNEHwRSBOTyUq0/view?usp=drive_link,https://drive.google.com/uc?export=view&id=1Smh8h1YQipYRebxYXZuNEHwRSBOTyUq0,"1,631",NEc,"2401-3801, 3901-4101",18,
Spring Condos,3,3,FALSE,E1,https://drive.google.com/file/d/1MACJcaSYJUDZhDmKoQlo77GJfrOIoW1D/view?usp=drive_link,https://drive.google.com/uc?export=view&id=1MACJcaSYJUDZhDmKoQlo77GJfrOIoW1D,"1,651",SWc,3903-4103,3,
Spring Condos,3,3,FALSE,F,https://drive.google.com/file/d/1_9FHMTeYcEMOM8ZiT-kTug50tXvvfUmI/view?usp=drive_link,https://drive.google.com/uc?export=view&id=1_9FHMTeYcEMOM8ZiT-kTug50tXvvfUmI,"1,707",SEc,"2402-3802, 3902-4101",18,
Spring Condos,3,3,FALSE,F1,https://drive.google.com/file/d/16EXZgXMNbzz6D2Jsq-QQvisXMTy-fxLu/view?usp=drive_link,https://drive.google.com/uc?export=view&id=16EXZgXMNbzz6D2Jsq-QQvisXMTy-fxLu,"1,704",NWc,3904-4104,3,
Spring Condos,3,3,FALSE,PH-1,,#N/A,"4,397",NSWc,4201,1,
Spring Condos,3,4,FALSE,PH-2,,#N/A,"3,593",NSEc,"4,202",1,
Seaholm Residences,0,1,FALSE,S1,https://drive.google.com/file/d/1IpsOvgFPUcysMAWGQLOCwFQGw2CYvx7-/view?usp=drive_link,https://drive.google.com/uc?export=view&id=1IpsOvgFPUcysMAWGQLOCwFQGw2CYvx7-,558,W,"1006, 1110-2010, 2108-3008",21,
Seaholm Residences,1,1,FALSE,A1,https://drive.google.com/file/d/1PN8IjVHnqBEYNujW1QsOeKeykxsHEID5/view?usp=drive_link,https://drive.google.com/uc?export=view&id=1PN8IjVHnqBEYNujW1QsOeKeykxsHEID5,650,E,"1001, 1105-3005",21,
Seaholm Residences,1,1,FALSE,A2,https://drive.google.com/file/d/1c7BsmglwFyVwybjp3iXb6ljlDDbXUjgA/view?usp=drive_link,https://drive.google.com/uc?export=view&id=1c7BsmglwFyVwybjp3iXb6ljlDDbXUjgA,678,E,1103-3003,20,
Seaholm Residences,1,1,FALSE,A3,https://drive.google.com/file/d/1dVsihqKMcyN-rnybrNxliEAmsAJH9Ksd/view?usp=drive_link,https://drive.google.com/uc?export=view&id=1dVsihqKMcyN-rnybrNxliEAmsAJH9Ksd,821,W,"1008, 1112-2012, 2110-3010",21,
Seaholm Residences,1,1,FALSE,A4,https://drive.google.com/file/d/1dMs0ILZIMWyw3ps54wNin6koG6wKorYx/view?usp=drive_link,https://drive.google.com/uc?export=view&id=1dMs0ILZIMWyw3ps54wNin6koG6wKorYx,688,W,"1002, 1004, 1108-2008",11,
Seaholm Residences,1,1,FALSE,A5,https://drive.google.com/file/d/1DzCRxXr047-AihpP52C41Gv7xrj-wSwP/view?usp=drive_link,https://drive.google.com/uc?export=view&id=1DzCRxXr047-AihpP52C41Gv7xrj-wSwP,690,W,2104-3004,10,
Seaholm Residences,1,1,FALSE,A6-N,https://drive.google.com/file/d/1AAks_Y3VxENwvQjxoRil5CUWunIej6GE/view?usp=drive_link,https://drive.google.com/uc?export=view&id=1AAks_Y3VxENwvQjxoRil5CUWunIej6GE,685,E,"1005, 1109-3009",21,
Seaholm Residences,1,1,FALSE,A6-S,https://drive.google.com/file/d/18d--HA-84zd1aqAc95tkts0qD3-PKhHz/view?usp=drive_link,https://drive.google.com/uc?export=view&id=18d--HA-84zd1aqAc95tkts0qD3-PKhHz,685,E,"1003, 1107-3007",21,
Seaholm Residences,1,1,FALSE,A6-NA,https://drive.google.com/file/d/1wPpXpAetNxIm0CbpQdt_XO611rb-E03s/view?usp=drive_link,https://drive.google.com/uc?export=view&id=1wPpXpAetNxIm0CbpQdt_XO611rb-E03s,688,W,1106-2006,10,same as A6-N but storage closet added in bathroom
Seaholm Residences,1,1,FALSE,A9,https://drive.google.com/file/d/1t793TJOZ1_aypKdhSVfBkN0iT34L5GsK/view?usp=drive_link,https://drive.google.com/uc?export=view&id=1t793TJOZ1_aypKdhSVfBkN0iT34L5GsK,689,E,"1007, 1111-3011",21,
Seaholm Residences,2,2,FALSE,B1,https://drive.google.com/file/d/1QrGmojcadA_F1n5IeJjJ6ChSU2HHzgBX/view?usp=drive_link,https://drive.google.com/uc?export=view&id=1QrGmojcadA_F1n5IeJjJ6ChSU2HHzgBX,990,SWc,1102-2002,10,
Seaholm Residences,2,2,FALSE,B2,https://drive.google.com/file/d/1uy8euqHIIVwkkN9OUtqkIY_UEmijh_X1/view?usp=drive_link,https://drive.google.com/uc?export=view&id=1uy8euqHIIVwkkN9OUtqkIY_UEmijh_X1,"1,123",W,1104-2004,10,
Seaholm Residences,2,2,FALSE,B2-A,https://drive.google.com/file/d/1Tdof0k36_s9zLHVhphOqvfivUSHpAb23/view?usp=drive_link,https://drive.google.com/uc?export=view&id=1Tdof0k36_s9zLHVhphOqvfivUSHpAb23,"1,123",,,,*same as B2
Seaholm Residences,2,2,FALSE,B4,https://drive.google.com/file/d/1EEfoSguvHBarc6PvNmEjs7Oyz9QM_K6N/view?usp=drive_link,https://drive.google.com/uc?export=view&id=1EEfoSguvHBarc6PvNmEjs7Oyz9QM_K6N,"1,322",NWc,"1010, 1114-2014, 2112-3012",21,
Seaholm Residences,2,2,FALSE,B5,https://drive.google.com/file/d/1lwMpvyq_K9wYNFyZwJe_m_PT9OMcC0o8/view?usp=drive_link,https://drive.google.com/uc?export=view&id=1lwMpvyq_K9wYNFyZwJe_m_PT9OMcC0o8,"1,360",E,"1009, 1113-3013",21,
Seaholm Residences,2,2,FALSE,B6,https://drive.google.com/file/d/1N0HfFoulPs5pUyBDHWwTP93Fs4YM4ZgB/view?usp=drive_link,https://drive.google.com/uc?export=view&id=1N0HfFoulPs5pUyBDHWwTP93Fs4YM4ZgB,"1,376",W,2106-3006,10,
Seaholm Residences,2,2,FALSE,B7,https://drive.google.com/file/d/1fYNDqj-VNel-bmTK8slnM8M12FUl89c8/view?usp=drive_link,https://drive.google.com/uc?export=view&id=1fYNDqj-VNel-bmTK8slnM8M12FUl89c8,"1,428",SWc,2102-3002,10,
Seaholm Residences,3,3,FALSE,C1,https://drive.google.com/file/d/1z34bUnYUERorMZlD01wIvjjrZEpT4Ajr/view?usp=drive_link,https://drive.google.com/uc?export=view&id=1z34bUnYUERorMZlD01wIvjjrZEpT4Ajr,"2,227",SEWc,1101-3001,20,
The Independent,1,1,FALSE,A1,https://drive.google.com/file/d/1KhD9xPKxe_0w_TfzF-jHzW90lKIluo6n/view?usp=drive_link,https://drive.google.com/uc?export=view&id=1KhD9xPKxe_0w_TfzF-jHzW90lKIluo6n,697,N,1003-2303,23,
The Independent,1,1,FALSE,A2,https://drive.google.com/file/d/1aYQ9iRwUJ6niq1cXPPJqQSMJ8btorHnY/view?usp=drive_link,https://drive.google.com/uc?export=view&id=1aYQ9iRwUJ6niq1cXPPJqQSMJ8btorHnY,714,N,1002-2302,13,
The Independent,1,1,FALSE,A3,https://drive.google.com/file/d/1jJcp6tQj6W8X9BYssNE_RP8QqqsF6iaR/view?usp=drive_link,https://drive.google.com/uc?export=view&id=1jJcp6tQj6W8X9BYssNE_RP8QqqsF6iaR,730,W,3508-5108,18,
The Independent,1,1,FALSE,A4,https://drive.google.com/file/d/1Ok88qWXD7FW14-fy-bP_nx57m8IJWtiU/view?usp=drive_link,https://drive.google.com/uc?export=view&id=1Ok88qWXD7FW14-fy-bP_nx57m8IJWtiU,794,S,3506-5106,18,
The Independent,1,1,TRUE,A5,https://drive.google.com/file/d/1fYzBy80t3tbJNQ0MxqtCRIu8Zt8DqP4n/view?usp=drive_link,https://drive.google.com/uc?export=view&id=1fYzBy80t3tbJNQ0MxqtCRIu8Zt8DqP4n,999,"E, W, E","1005-2305, 2408-3308, 3504-5104 (not 40-42 see C4B)",35,
The Independent,1,2,TRUE,A6,https://drive.google.com/file/d/1Yg-dVO9L5jg0yo86GAUVv7oVb9jvCAQG/view?usp=drive_link,https://drive.google.com/uc?export=view&id=1Yg-dVO9L5jg0yo86GAUVv7oVb9jvCAQG,"1,026",NWc,1001-2301,13,
The Independent,2,2,FALSE,B1,https://drive.google.com/file/d/1pgRATcJxU2rzsp_7HYr7-gZnDMCyEkp4/view?usp=drive_link,https://drive.google.com/uc?export=view&id=1pgRATcJxU2rzsp_7HYr7-gZnDMCyEkp4,"1,106","W, E","1009-2309, 2404-3304 (not 2403, 2803, 3303, see D1)",20,
The Independent,2,2,FALSE,B2,https://drive.google.com/file/d/1Up1FEyo1PLoueaZeqWBuLyqtMKxmVXlO/view?usp=drive_link,https://drive.google.com/uc?export=view&id=1Up1FEyo1PLoueaZeqWBuLyqtMKxmVXlO,"1,281",S," 1007-2307, 2406-3306",23,
The Independent,2,2,TRUE,B3,https://drive.google.com/file/d/1eOruFlwh3KTzxngE6xhJZgHTIem0XGwv/view?usp=drive_link,https://drive.google.com/uc?export=view&id=1eOruFlwh3KTzxngE6xhJZgHTIem0XGwv,"1,325","SWc, SEc","1008-2308, 2405-3305",23,
The Independent,2,2,FALSE,B4,https://drive.google.com/file/d/1drhRaUU4Ov7EJ878le1ac0m1yO4wFSvx/view?usp=drive_link,https://drive.google.com/uc?export=view&id=1drhRaUU4Ov7EJ878le1ac0m1yO4wFSvx,"1,351",N,3502-5102,18,
The Independent,2,2,FALSE,B5,https://drive.google.com/file/d/1i8ym7PP4-u8uIGyNKNsf0JlgSs5U6HhM/view?usp=drive_link,https://drive.google.com/uc?export=view&id=1i8ym7PP4-u8uIGyNKNsf0JlgSs5U6HhM,"1,417",SWc,3507-5107,18,
The Independent,2,2,FALSE,B6,https://drive.google.com/file/d/1ws-wsUCohcvu3OOrwbtxYqH5nIVru7MM/view?usp=drive_link,https://drive.google.com/uc?export=view&id=1ws-wsUCohcvu3OOrwbtxYqH5nIVru7MM,"1,441",NWc,3501-5101,18,
The Independent,2,2,TRUE,B7,https://drive.google.com/file/d/1QnLIqRScjC-FVOmtCqkf_wfWFy0slYtI/view?usp=drive_link,https://drive.google.com/uc?export=view&id=1QnLIqRScjC-FVOmtCqkf_wfWFy0slYtI,"1,474","NEc, NWc, NEc","1004-2304, 2401-3301, 3503-5103 (not 40-42 see C4B)",35,
The Independent,2,2,TRUE,B8,https://drive.google.com/file/d/1uB1bLxAgf4XXpPXVBrfs1ltbfYNLFVPz/view?usp=drive_link,https://drive.google.com/uc?export=view&id=1uB1bLxAgf4XXpPXVBrfs1ltbfYNLFVPz,"1,490","SEc, SWc","1006-2306, 2407-3307",23,
The Independent,3,3,FALSE,C1,https://drive.google.com/file/d/1-rBWg9rkLzgR-hOQAhMAzupD8BE6Bo40/view?usp=drive_link,https://drive.google.com/uc?export=view&id=1-rBWg9rkLzgR-hOQAhMAzupD8BE6Bo40,"1,838","NEc, NEc","2403-3303, 5202-5802 (not 2403, 2803, 3303, see D1)",14,
The Independent,3,3,TRUE,C2,https://drive.google.com/file/d/1JTF5Hqkl9sG8UDvjlw6dJKKOPa-lqL7H/view?usp=drive_link,https://drive.google.com/uc?export=view&id=1JTF5Hqkl9sG8UDvjlw6dJKKOPa-lqL7H,"1,851",SEc,3505-5105,17,
The Independent,3,3,FALSE,C3,https://drive.google.com/file/d/1oAg6fhwfd1auqp4ju7jq3FVYFt4PzY8o/view?usp=drive_link,https://drive.google.com/uc?export=view&id=1oAg6fhwfd1auqp4ju7jq3FVYFt4PzY8o,"2,144",NWc,5201-5801,7,
The Independent,3,3.5,FALSE,C4-B,https://drive.google.com/file/d/1POtcSVwWhys38Y_-th29OdxOFP4IpQtL/view?usp=drive_link,https://drive.google.com/uc?export=view&id=1POtcSVwWhys38Y_-th29OdxOFP4IpQtL,"2,850",SEc,"4004, 4105, 4205",3,
The Independent,3,3.5,TRUE,C4,https://drive.google.com/file/d/1RF4zC2Kdo013APFvu8DY0d9zuPqhBnud/view?usp=drive_link,https://drive.google.com/uc?export=view&id=1RF4zC2Kdo013APFvu8DY0d9zuPqhBnud,"2,711",SEc,5203-5803,7,
The Independent,3,3.5,TRUE,C5,https://drive.google.com/file/d/13QCND7A2yMNvVRc0PvRcTjbDznFweloA/view?usp=drive_link,https://drive.google.com/uc?export=view&id=13QCND7A2yMNvVRc0PvRcTjbDznFweloA,"3,514",SWc,5204-5804,7,
The Independent,4,3.5,FALSE,D1,https://drive.google.com/file/d/1xUxClHSbwqZ8tuUVEyOIOLQIkCbRi2Zd/view?usp=drive_link,https://drive.google.com/uc?export=view&id=1xUxClHSbwqZ8tuUVEyOIOLQIkCbRi2Zd,"2,944",NEc,"2403, 2803, 3303",3,
The Independent,4,4.5,FALSE,Terrace Penthouse,https://drive.google.com/file/d/1pE69bh_0S9sHs9XQ2O9H3PBTqTwlcMsT/view?usp=drive_link,https://drive.google.com/uc?export=view&id=1pE69bh_0S9sHs9XQ2O9H3PBTqTwlcMsT,"4,549",NES,5203,1,
5th & West,1,1,FALSE,A1,https://drive.google.com/file/d/1Q6tNDQZqnPJ3cZNHOz_BSRXoShOn25M-/view,https://drive.google.com/uc?export=view&id=1Q6tNDQZqnPJ3cZNHOz_BSRXoShOn25M-,652,N,706-1506,9,
5th & West,1,1,FALSE,A2,https://drive.google.com/file/d/15bjKlktA8M2NO1a7xMw4J-2QX3y2prHE/view,https://drive.google.com/uc?export=view&id=15bjKlktA8M2NO1a7xMw4J-2QX3y2prHE,846,W,702-1502,9,
5th & West,1,1.5,TRUE,A2A,https://drive.google.com/file/d/1FahJN7YkDFII45TrNQAIUgkM9ZlAYg3K/view?usp=drive_link,https://drive.google.com/uc?export=view&id=1FahJN7YkDFII45TrNQAIUgkM9ZlAYg3K,846,W,1602-3502,20,
5th & West,1,1.5,FALSE,A3,https://drive.google.com/file/d/1aKhh0b69WDv98aP9Tc59DIDFW6HoVYqy/view?usp=drive_link,https://drive.google.com/uc?export=view&id=1aKhh0b69WDv98aP9Tc59DIDFW6HoVYqy,930,SE,703-1503,9,
5th & West,1,1.5,TRUE,A4,https://drive.google.com/file/d/1cKtdrsoATjQ53IJPb6DKMIQloi32SkGg/view?usp=drive_link,https://drive.google.com/uc?export=view&id=1cKtdrsoATjQ53IJPb6DKMIQloi32SkGg,"1,092",SE,705-1505,9,
5th & West,2,2,FALSE,B1,https://drive.google.com/file/d/14huJ1UQNU9k_pbXsTFF2N67-TK0Lt6az/view?usp=drive_link,https://drive.google.com/uc?export=view&id=14huJ1UQNU9k_pbXsTFF2N67-TK0Lt6az,"1,327",NWc,704-1504,9,
5th & West,2,2,FALSE,B2,https://drive.google.com/file/d/1Vo1Y9EQnjb1FdmNKjzF1vtlNCjTOlwYV/view?usp=drive_link,https://drive.google.com/uc?export=view&id=1Vo1Y9EQnjb1FdmNKjzF1vtlNCjTOlwYV,"1,587",SWEc,701-1501,9,
5th & West,2,2.5,TRUE,B3,https://drive.google.com/file/d/1oVOj_iAGXBlNBL32s4Uxmx6lm1_96ESf/view?usp=drive_link,https://drive.google.com/uc?export=view&id=1oVOj_iAGXBlNBL32s4Uxmx6lm1_96ESf,"1,759",NESc,707-1507,9,
5th & West,3,3,FALSE,C,https://drive.google.com/file/d/1iPO30PfHEogT47I2fynw362M_Uydbd0N/view?usp=drive_link,https://drive.google.com/uc?export=view&id=1iPO30PfHEogT47I2fynw362M_Uydbd0N,"2,009",NWc,1604-3504,20,
5th & West,3,3,TRUE,C1,https://drive.google.com/file/d/1Z08lzI3B9PxxcidYmHytE7luFuioivDI/view?usp=drive_link,https://drive.google.com/uc?export=view&id=1Z08lzI3B9PxxcidYmHytE7luFuioivDI,"2,517",SWc,1601-3801,23,
5th & West,3,3.5,FALSE,C2,https://drive.google.com/file/d/1kxG0bXjRAr3QEF1UNNnJ3Yf5xTCSXIwc/view?usp=drive_link,https://drive.google.com/uc?export=view&id=1kxG0bXjRAr3QEF1UNNnJ3Yf5xTCSXIwc,"2,822",NESc,1603-3803,23,
5th & West,3,3.5,TRUE,C3,https://drive.google.com/file/d/1f4zGWe-aFMMm1kMcrrr5gncGWg7L-jBQ/view?usp=drive_link,https://drive.google.com/uc?export=view&id=1f4zGWe-aFMMm1kMcrrr5gncGWg7L-jBQ,"2,849",NWc,3602-3802,3,
5th & West,3,3.5,FALSE,C3A,https://drive.google.com/file/d/1zKnSKzI4kME9g-XmIFUI3nQxvmtJb9Ek/view?usp=drive_link,https://drive.google.com/uc?export=view&id=1zKnSKzI4kME9g-XmIFUI3nQxvmtJb9Ek,"2,697",NWc,"3,902",1,
5th & West,4,4.5,TRUE,D1,https://drive.google.com/file/d/1n1l0kYtu2WMCk6HPNyeKHwyQa0BK09g0/view?usp=drive_link,https://drive.google.com/uc?export=view&id=1n1l0kYtu2WMCk6HPNyeKHwyQa0BK09g0,"5,240",SE,3901,1,
Austin City Lofts,1,1,FALSE,C5 – GUADALUPE,https://drive.google.com/file/d/1VTxMDCdP8bpPt5kQ3uEHC_RmmdokaAZM/view?usp=sharing,https://drive.google.com/uc?export=view&id=1VTxMDCdP8bpPt5kQ3uEHC_RmmdokaAZM,"1,262",S,509-1009,6,
Austin City Lofts,1,1,FALSE,C4,,,,S,507-1007,6,
Austin City Lofts,1,1,FALSE,D2 – CROCKETT,https://drive.google.com/file/d/1aFYbSXvD4bFuSjtt3ZXwCJr4SQkmpJKH/view?usp=sharing,https://drive.google.com/uc?export=view&id=1aFYbSXvD4bFuSjtt3ZXwCJr4SQkmpJKH,"1,120",N,504-1004,6,
Austin City Lofts,1,1,FALSE,D3 – CROCKETT,https://drive.google.com/file/d/10tLMrwL5_5sqRN8MlPBCk56rvDU7rJzh/view?usp=sharing,https://drive.google.com/uc?export=view&id=10tLMrwL5_5sqRN8MlPBCk56rvDU7rJzh,"1,164",N,506-1006,6,
Austin City Lofts,1,1,FALSE,A1 – BULL CREEK,https://drive.google.com/file/d/1PYdLoSmKEBH1wftjzReLUxLPF01A-eT3/view?usp=sharing,https://drive.google.com/uc?export=view&id=1PYdLoSmKEBH1wftjzReLUxLPF01A-eT3,1109,SWc,102,1,
Austin City Lofts,2,2,FALSE,C1 – TRINITY,https://drive.google.com/file/d/1AbpmJLwFUJ19J6Dosby3F5JZWZ5vhSch/view?usp=sharing,https://drive.google.com/uc?export=view&id=1AbpmJLwFUJ19J6Dosby3F5JZWZ5vhSch,"1,584",SWc,501-1001,6,
Austin City Lofts,2,2,FALSE,C2 – RED RIVER,https://drive.google.com/file/d/11_Uaqz-Mg2CMil1UouYXgf_sCGWwjzw8/view?usp=sharing,https://drive.google.com/uc?export=view&id=11_Uaqz-Mg2CMil1UouYXgf_sCGWwjzw8,"1,521",S,503-1003,6,
Austin City Lofts,2,2,FALSE,C3 – COLORADO,https://drive.google.com/file/d/1Cc-au8AsEA868BHP2drYwl1UWycs54mL/view?usp=sharing,https://drive.google.com/uc?export=view&id=1Cc-au8AsEA868BHP2drYwl1UWycs54mL,"1,517",S,505-1005,6,
Austin City Lofts,2,2,FALSE,C6 – SABINE,https://drive.google.com/file/d/1DrhRcQn-akoMZXlBIHcAG2-hx6taKfz-/view?usp=sharing,https://drive.google.com/uc?export=view&id=1DrhRcQn-akoMZXlBIHcAG2-hx6taKfz-,"2,405",NESc,508-1008,6,
Austin City Lofts,2,2,FALSE,D1 – BOWIE,https://drive.google.com/file/d/1slFsvyZ6Ux8SizJUloET8LvuVsDcjLhG/view?usp=sharing,https://drive.google.com/uc?export=view&id=1slFsvyZ6Ux8SizJUloET8LvuVsDcjLhG,"1,453",N,502-1002,6,
Austin City Lofts,2,2,FALSE,E2 – AUSTIN,https://drive.google.com/file/d/1lQRlDHPovJRQuSQFyFuICXOEITNUXjIW/view?usp=sharing,https://drive.google.com/uc?export=view&id=1lQRlDHPovJRQuSQFyFuICXOEITNUXjIW,"2,217",S,"1102, 1202, 1109, 1209",4,
Austin City Lofts,2,2,FALSE,E3 – CONGRESS,https://drive.google.com/file/d/1a78WcrEteXyDjv_BnpAR8ZdVru9Fihmd/view?usp=sharing,https://drive.google.com/uc?export=view&id=1a78WcrEteXyDjv_BnpAR8ZdVru9Fihmd,"2,337",S,"1103, 1203, 1104, 1204, 1105, 1205, 1106, 1206, 1107, 1207, 1108, 1208",12,
Austin City Lofts,2,2,FALSE,E6 – TEXAS,https://drive.google.com/file/d/1NkXBP3jUEm0Ch7Axs4RiPoACOfJF_CkO/view?usp=sharing,https://drive.google.com/uc?export=view&id=1NkXBP3jUEm0Ch7Axs4RiPoACOfJF_CkO,"3,031",S,"1110, 1210",2,
Austin City Lofts,2,2,FALSE,A2 – SHOAL CREEK,https://drive.google.com/file/d/1xuF9_DPrAcHvUx_nbWbBi0Yh1Wat8MB2/view?usp=sharing,https://drive.google.com/uc?export=view&id=1xuF9_DPrAcHvUx_nbWbBi0Yh1Wat8MB2,"1,604",SWc,202-402,3,
Austin City Lofts,2,2,FALSE,B1 – BARTON CREEK,https://drive.google.com/file/d/1FYztJc8PxDxAKHr1TJXHolds_ieGgRnw/view?usp=sharing,https://drive.google.com/uc?export=view&id=1FYztJc8PxDxAKHr1TJXHolds_ieGgRnw,"1,904",NWc,101,1,
Austin City Lofts,2,2,FALSE,B2 – QUAIL CREEK,https://drive.google.com/file/d/1nf_VItF7Bjv5jyoaC9otZ3RHiK1crEuf/view?usp=sharing,https://drive.google.com/uc?export=view&id=1nf_VItF7Bjv5jyoaC9otZ3RHiK1crEuf,"1,914",NWc,201-401,3,
Austin City Lofts,3,3.5,FALSE,E1 – CAPITOL,https://drive.google.com/file/d/1A3vlfiIx_hC9qHm5daydRyBytP7nVlIs/view?usp=sharing,https://drive.google.com/uc?export=view&id=1A3vlfiIx_hC9qHm5daydRyBytP7nVlIs,"3,013",SWc,"1101, 1201",2,
360 Condos,1,1,FALSE,A1,https://drive.google.com/file/d/1wkAkXYJ1Eb2wcSnWik5bzDM5VL-UoeEV/view?usp=drive_link,https://drive.google.com/uc?export=view&id=1wkAkXYJ1Eb2wcSnWik5bzDM5VL-UoeEV,748,W,1106-4306,33,
360 Condos,1,1,FALSE,A2,https://drive.google.com/file/d/18-bD7i-HoGcAm6U2oQRK83aXYNDD7U1R/view?usp=drive_link,https://drive.google.com/uc?export=view&id=18-bD7i-HoGcAm6U2oQRK83aXYNDD7U1R,715,W,910-1610,8,
360 Condos,1,1,FALSE,A3,https://drive.google.com/file/d/1RzZbhvaLKmfGf53Te-ZcG6naqF71lXp_/view?usp=drive_link,https://drive.google.com/uc?export=view&id=1RzZbhvaLKmfGf53Te-ZcG6naqF71lXp_,732,W,1008-4308,34,
360 Condos,1,1,FALSE,A4,https://drive.google.com/file/d/1z4bIxKJM67M3h2p2VTWXPMjBIcLrm9Dq/view?usp=drive_link,https://drive.google.com/uc?export=view&id=1z4bIxKJM67M3h2p2VTWXPMjBIcLrm9Dq,728,E,903-4203,34,
360 Condos,1,1,FALSE,A5,https://drive.google.com/file/d/1Tu91jWG6t4zED9rYzbDZ7lMI4dR8FY9r/view?usp=drive_link,https://drive.google.com/uc?export=view&id=1Tu91jWG6t4zED9rYzbDZ7lMI4dR8FY9r,770,NWc,1810-4310,26,
360 Condos,1,1,FALSE,A6,https://drive.google.com/file/d/1Ei35mZnzLsBo5NlVR71JxmSzaQAkF_L2/view?usp=drive_link,https://drive.google.com/uc?export=view&id=1Ei35mZnzLsBo5NlVR71JxmSzaQAkF_L2,760,N,918-1618,8,
360 Condos,1,1,FALSE,A7,https://drive.google.com/file/d/1lflh91lby4tnGLLo8uuzrce04g0saoo7/view?usp=drive_link,https://drive.google.com/uc?export=view&id=1lflh91lby4tnGLLo8uuzrce04g0saoo7,744,E,1009-1609,7,
360 Condos,1,1,FALSE,A7A,https://drive.google.com/file/d/18l2awaWA_0MWgE0qG-wyp_tIRH4nDSFC/view?usp=drive_link,https://drive.google.com/uc?export=view&id=18l2awaWA_0MWgE0qG-wyp_tIRH4nDSFC,744,E,909,1,
360 Condos,1,1,FALSE,A8,https://drive.google.com/file/d/11E2gL2I-a0gagSqoOFBpe3kCKHm9OpUO/view?usp=drive_link,https://drive.google.com/uc?export=view&id=11E2gL2I-a0gagSqoOFBpe3kCKHm9OpUO,785,E,915-1615,8,
360 Condos,1,1,FALSE,A9,https://drive.google.com/file/d/1rLDnpw2XlMvnRT_q4J8wEWrhKGKtFyIe/view?usp=drive_link,https://drive.google.com/uc?export=view&id=1rLDnpw2XlMvnRT_q4J8wEWrhKGKtFyIe,801,SEc,901-4201,34,
360 Condos,1,1,FALSE,A10,https://drive.google.com/file/d/14b2zMVjk9UhPceiW_BT7rdtg_m9OzaGK/view?usp=drive_link,https://drive.google.com/uc?export=view&id=14b2zMVjk9UhPceiW_BT7rdtg_m9OzaGK,832,W,914-1514,7,
360 Condos,1,1,FALSE,A11,https://drive.google.com/file/d/1rgnbJahYR5LQsKxAEG4AhjLxHMsn7zN9/view?usp=drive_link,https://drive.google.com/uc?export=view&id=1rgnbJahYR5LQsKxAEG4AhjLxHMsn7zN9,812,W,912-1512,7,
360 Condos,1,1,FALSE,A12,https://drive.google.com/file/d/1mXOfeqjwMdrsHPObllfSKymxqtA892JD/view?usp=drive_link,https://drive.google.com/uc?export=view&id=1mXOfeqjwMdrsHPObllfSKymxqtA892JD,852,E,907-4207,34,
360 Condos,1,1,FALSE,A13,https://drive.google.com/file/d/1o8F51Zl6IPfBETk4nBD4e1K4_HgTragM/view?usp=drive_link,https://drive.google.com/uc?export=view&id=1o8F51Zl6IPfBETk4nBD4e1K4_HgTragM,861,E,913-1613,8,
360 Condos,1,1.5,TRUE,A15,https://drive.google.com/file/d/18MNNyZGOhlXoJ2EhD939y7ERsrz4Yo2Y/view?usp=drive_link,https://drive.google.com/uc?export=view&id=18MNNyZGOhlXoJ2EhD939y7ERsrz4Yo2Y,887,NEc,1711,1,
360 Condos,2,2,FALSE,B1E,https://drive.google.com/file/d/1ZOD7y6sRpjIFTvjQTfBwouOY2BxVtMlU/view?usp=drive_link,https://drive.google.com/uc?export=view&id=1ZOD7y6sRpjIFTvjQTfBwouOY2BxVtMlU,"1,115",NEc,917-1617,8,
360 Condos,2,2,FALSE,B1W,https://drive.google.com/file/d/18Ev3WO-Fqen9LAauREGdOL456ERfs9FZ/view?usp=drive_link,https://drive.google.com/uc?export=view&id=18Ev3WO-Fqen9LAauREGdOL456ERfs9FZ,"1,117",NWc,916-1616,8,
360 Condos,2,2,FALSE,B2,https://drive.google.com/file/d/1TBxt64rocX9ecqFHOOuzYqqNLymCa_ZR/view?usp=sharing,https://drive.google.com/uc?export=view&id=1TBxt64rocX9ecqFHOOuzYqqNLymCa_ZR,"1,244",E,1709-4209,26,
360 Condos,2,2,FALSE,B3,https://drive.google.com/file/d/1f_sVAdOtfC-rzLrchkKB7Yajx5ftBO7M/view?usp=drive_link,https://drive.google.com/uc?export=view&id=1f_sVAdOtfC-rzLrchkKB7Yajx5ftBO7M,"1,059",SWc,1102-4202,32,
360 Condos,2,2,FALSE,B4,https://drive.google.com/file/d/1V8lCc_hLjKPdWSwo7oh5ps3Rtt3PoHlQ/view?usp=drive_link,https://drive.google.com/uc?export=view&id=1V8lCc_hLjKPdWSwo7oh5ps3Rtt3PoHlQ,"1,225",E,905-4205,34,
360 Condos,2,2,FALSE,B5,https://drive.google.com/file/d/1cnyuhsuQmCvruVzkrubQRgJOzbkG_xlo/view?usp=drive_link,https://drive.google.com/uc?export=view&id=1cnyuhsuQmCvruVzkrubQRgJOzbkG_xlo,"1,221",E,911-1611,8,
360 Condos,2,2,FALSE,B6,https://drive.google.com/file/d/1jNixp3__QGKSOey3fE04PiRMGCqPoITV/view?usp=drive_link,https://drive.google.com/uc?export=view&id=1jNixp3__QGKSOey3fE04PiRMGCqPoITV,"1,280",NEc,1811-4211,25,
360 Condos,2,2,FALSE,B7,https://drive.google.com/file/d/1AsxxhuAWbewvYvI5fUGaORRJP3L8znln/view?usp=drive_link,https://drive.google.com/uc?export=view&id=1AsxxhuAWbewvYvI5fUGaORRJP3L8znln,"1,516",W,1612,1,
360 Condos,2,2,FALSE,B8,https://drive.google.com/file/d/1xxzJckUNaBzI1W1q-Mqe1p4Wlp5EzDvr/view?usp=drive_link,https://drive.google.com/uc?export=view&id=1xxzJckUNaBzI1W1q-Mqe1p4Wlp5EzDvr,998,W,1104-4304,33,
360 Condos,2,2,FALSE,PH1,https://drive.google.com/file/d/1-ReiG1-5DwZ2UYWBzqy1halPR7Lj5ZSQ/view?usp=drive_link,https://drive.google.com/uc?export=view&id=1-ReiG1-5DwZ2UYWBzqy1halPR7Lj5ZSQ,"2,022",SWc,4302,1,
360 Condos,2,2,TRUE,PH4,https://drive.google.com/file/d/1bZwxqyf_7CWZWnDhPl9otIJfwjH3-xW0/view?usp=drive_link,https://drive.google.com/uc?export=view&id=1bZwxqyf_7CWZWnDhPl9otIJfwjH3-xW0,"2,523",NEc,4309,1,
360 Condos,2,2.5,TRUE,PH3 ,https://drive.google.com/file/d/1RU6b5BCwpIUnh-OBwV0lhCHko41VRmHJ/view?usp=drive_link,https://drive.google.com/uc?export=view&id=1RU6b5BCwpIUnh-OBwV0lhCHko41VRmHJ,"2,070",E,4305,1,
360 Condos,3,2,FALSE,PH2,https://drive.google.com/file/d/18Kzh5cAv_ogN_gWGDs_qZb6QB5treymg/view?usp=drive_link,https://drive.google.com/uc?export=view&id=18Kzh5cAv_ogN_gWGDs_qZb6QB5treymg,"2,571",SEc,"4,301",1,
W Residences,1,1,FALSE,1A,https://drive.google.com/file/d/1bWnIiNYdIeTIV5bg4OY1-8_bp2gWkjNC/view?usp=sharing,https://drive.google.com/uc?export=view&id=1bWnIiNYdIeTIV5bg4OY1-8_bp2gWkjNC,641,"S, N","1806, 2006; 1809, 1909, 2209, 2309, 2409, 2609, 2709, 2809, 3109, 3209 ",12,
W Residences,1,1,FALSE,1B,https://drive.google.com/file/d/10pqCCnChqXmw9CX1T3NNR__UbyXbezdE/view?usp=sharing,https://drive.google.com/uc?export=view&id=10pqCCnChqXmw9CX1T3NNR__UbyXbezdE,642,N,"1812, 2012, 2212, 2612, 3012, 3212",6,
W Residences,1,1,FALSE,1C,https://drive.google.com/file/d/17O6CR4W6ZYRyihubt_rnWoHKh2GO2PlL/view?usp=sharing,https://drive.google.com/uc?export=view&id=17O6CR4W6ZYRyihubt_rnWoHKh2GO2PlL,840,SEc,"1801, 1901, 2601, 2801",4,
W Residences,1,1,FALSE,1D,https://drive.google.com/file/d/1P-dYZMan6N0s1yMpyxRsnGJb1GI5ZdEi/view?usp=sharing,https://drive.google.com/uc?export=view&id=1P-dYZMan6N0s1yMpyxRsnGJb1GI5ZdEi,888,NEc,"1813, 2013, 2213, 2613, 3013, 3213",6,
W Residences,1,1.5,FALSE,1E,https://drive.google.com/file/d/1YCf2PeIW6QxUnR4V0MXJ5FC-cS4Vf0pq/view?usp=sharing,https://drive.google.com/uc?export=view&id=1YCf2PeIW6QxUnR4V0MXJ5FC-cS4Vf0pq,"1,059",S,"2003, 2203, 2303, 2403, 2603, 2703, 2803, 3003, 3103, 3203",10,
W Residences,1,2,TRUE,1F,https://drive.google.com/file/d/1rD4EDuwnLEIuvbm4nBJLJjvp1z8qHI7f/view?usp=sharing,https://drive.google.com/uc?export=view&id=1rD4EDuwnLEIuvbm4nBJLJjvp1z8qHI7f,"1,068",S,"1802, 1902, 2004, 2005, 2204, 2304, 2404, 2602, 2604, 2704, 2705, 2802, 2804, 3004, 3104, 3204, 3205",17,
W Residences,2,2,FALSE,2A,https://drive.google.com/file/d/1Pfsef6rmoePphj07_l6jb85uBQGi1yBm/view?usp=sharing,https://drive.google.com/uc?export=view&id=1Pfsef6rmoePphj07_l6jb85uBQGi1yBm,"1,579",NWc,"1808, 1908, 2208, 2308, 2408, 2608, 2708, 2808, 3008, 3108, 3208, 3304",12,
W Residences,2,2,FALSE,2B,https://drive.google.com/file/d/1uhpH3V2zNg5k6Xan1UspbEMScOt1Hn7t/view?usp=sharing,https://drive.google.com/uc?export=view&id=1uhpH3V2zNg5k6Xan1UspbEMScOt1Hn7t,"1,521",SWc,"1807, 2007",2,
W Residences,2,2.5,FALSE,2C,https://drive.google.com/file/d/1HYh0FYjGN7Tb61xz7a1ouY9U_BJgyvRM/view?usp=sharing,https://drive.google.com/uc?export=view&id=1HYh0FYjGN7Tb61xz7a1ouY9U_BJgyvRM,"1,423",N,"1810-2010, 2210-2410, 2610-2810, 3110; 1811-2011, 2211-2411, 2611-2811, 3111",20,
W Residences,3,2.5,FALSE,2D,https://drive.google.com/file/d/1uxbR0MR2VvufrXzzo3Nb-vLQW1mAxa6J/view?usp=sharing,https://drive.google.com/uc?export=view&id=1uxbR0MR2VvufrXzzo3Nb-vLQW1mAxa6J,"1,587",NWc,"1912, 2106, 2312, 2412, 2506, 2712, 2812, 2906, 3112, 3306, 3406",11,
W Residences,4,2.5,FALSE,2E,https://drive.google.com/file/d/1r885wEM-x8G2ufB7DCgx-0kjlUACWZyu/view?usp=sharing,https://drive.google.com/uc?export=view&id=1r885wEM-x8G2ufB7DCgx-0kjlUACWZyu,"1,953",SEc,"2001-2601, 2701, 2901-3401",13,
W Residences,3,3,TRUE,3A,https://drive.google.com/file/d/1VI_zNWsicH2xb4Idns3ZIxKS97z5i6C6/view?usp=sharing,https://drive.google.com/uc?export=view&id=1VI_zNWsicH2xb4Idns3ZIxKS97z5i6C6,"2,223",NWc,"2008, 2104, 2504, 2904, 3404",5,
W Residences,3,3,FALSE,3B,https://drive.google.com/file/d/1EQJC0oZNLT6efW135RrJWbL12W7nNHOV/view?usp=sharing,https://drive.google.com/uc?export=view&id=1EQJC0oZNLT6efW135RrJWbL12W7nNHOV,"2,162",SWc,"1906, 2103, 2503, 2706, 2903, 3206, 3303, 3403",8,
W Residences,3,2.5,TRUE,3E,https://drive.google.com/file/d/1rFLqXDyl_YtJ7Q_esQ7JmkHFcqKEmdCY/view?usp=sharing,https://drive.google.com/uc?export=view&id=1rFLqXDyl_YtJ7Q_esQ7JmkHFcqKEmdCY,"3,229",SWc,"2206, 2306, 2406, 2606, 2805, 3006, 3106",7,
W Residences,3,3.5,TRUE,3C,https://drive.google.com/file/d/1ENBulAmKh1urGwBsrxE85SnPw1Cr8Swl/view?usp=sharing,https://drive.google.com/uc?export=view&id=1ENBulAmKh1urGwBsrxE85SnPw1Cr8Swl,"2,871",N,"2105, 2505, 2905, 3210, 3405",5,
W Residences,3,3.5,TRUE,3D,https://drive.google.com/file/d/1uH-arcTaCHtbqYpLbdHqgZ7vMkUHsk4s/view?usp=sharing,https://drive.google.com/uc?export=view&id=1uH-arcTaCHtbqYpLbdHqgZ7vMkUHsk4s,"3,180",S,"1803, 1903, 2102, 2502, 2902, 3302, 3402",7,
W Residences,3,3.5,FALSE,PH1,https://drive.google.com/file/d/1F861iT1efrWD1Ps6LZ51CY4jMTP-OXD7/view?usp=sharing,https://drive.google.com/uc?export=view&id=1F861iT1efrWD1Ps6LZ51CY4jMTP-OXD7,"3,562",NWc,3503-3703,3,
W Residences,3,3.5,FALSE,PH2,https://drive.google.com/file/d/1gH7ttH2cDsBVHuA_ughU-HbA7-tzoZjL/view?usp=sharing,https://drive.google.com/uc?export=view&id=1gH7ttH2cDsBVHuA_ughU-HbA7-tzoZjL,"2,899",NEc,3504-3704,3,
W Residences,3,3.5,FALSE,PH3-1,https://drive.google.com/file/d/18zk-DlXlcStIMHMdG198w-oV0nIm-_3T/view?usp=sharing,https://drive.google.com/uc?export=view&id=18zk-DlXlcStIMHMdG198w-oV0nIm-_3T,"3,649",SEc,3501-3701,3,
W Residences,3,3.5,FALSE,PH-4,https://drive.google.com/file/d/1ZieFw4TxZaMTpFRfL8J_8it6Ax6Vf3Gw/view?usp=sharing,https://drive.google.com/uc?export=view&id=1ZieFw4TxZaMTpFRfL8J_8it6Ax6Vf3Gw,"3,817",SWc,3502-3702,3,
W Residences,4,4.5,FALSE,,,,"3,709",N,"3009, 3305",2,
The Austonian,1,1.5,FALSE,UNIT A,https://drive.google.com/file/d/1qy1Z0mlsN3C75tRIpkPFWG4Hq4hMtNrw/view?usp=sharing,https://drive.google.com/uc?export=view&id=1qy1Z0mlsN3C75tRIpkPFWG4Hq4hMtNrw,"1,225",W,"11A-30A, 32A, 33A, 35A, 37A, 39A, 40A",36,
The Austonian,1,1.5,FALSE,UNIT B,https://drive.google.com/file/d/1HyqLYp03_vcLnLuCz9TWLjE7WQnmdns_/view?usp=sharing,https://drive.google.com/uc?export=view&id=1HyqLYp03_vcLnLuCz9TWLjE7WQnmdns_,"1,295",E,11B-24B,14,
The Austonian,2,2,FALSE,UNIT C,https://drive.google.com/file/d/1xuPy-wfdOCbgn5wSpszk6s6SNngMP7V6/view?usp=sharing,https://drive.google.com/uc?export=view&id=1xuPy-wfdOCbgn5wSpszk6s6SNngMP7V6,"1,464",SWc,"11C-20C, 22C-30C, 32C-40C",28,
The Austonian,2,2,FALSE,UNIT D,https://drive.google.com/file/d/1uHbHjvnrEo4sFh4rQS9LS22VpqPDspDD/view?usp=sharing,https://drive.google.com/uc?export=view&id=1uHbHjvnrEo4sFh4rQS9LS22VpqPDspDD,"1,609",NEc,11D-24D,14,
The Austonian,2,2,TRUE,UNIT E,https://drive.google.com/file/d/1dKj-2WHT2COVxYiSGMNKPBjaldy-ts-3/view?usp=sharing,https://drive.google.com/uc?export=view&id=1dKj-2WHT2COVxYiSGMNKPBjaldy-ts-3,"1,918",NWc,"11E-17E, 20E, 21E, 23E-25E, 28E-30E, 32E, 35E, 37E, 39E, 40E",20,
The Austonian,2,2.5,FALSE,UNIT F,https://drive.google.com/file/d/1hQ_aKDKG2jOROYkqAFmuaaCT5uW9UdFz/view?usp=sharing,https://drive.google.com/uc?export=view&id=1hQ_aKDKG2jOROYkqAFmuaaCT5uW9UdFz,"1,926",SEc,11F-24F,14,
The Austonian,2,2.5,TRUE,UNIT G,https://drive.google.com/file/d/1UavXOR_Tr24UcJXMiCXQcwhr6sN4a_Lw/view?usp=sharing,https://drive.google.com/uc?export=view&id=1UavXOR_Tr24UcJXMiCXQcwhr6sN4a_Lw,"1,920",NEc,"25G, 28G-30G, 32G, 34G-40G",12,
The Austonian,2,2.5,FALSE,UNIT Q,https://drive.google.com/file/d/19vn3kX0ydfAUjwKlp7K0DF3C-Rw0dJ82/view?usp=sharing,https://drive.google.com/uc?export=view&id=19vn3kX0ydfAUjwKlp7K0DF3C-Rw0dJ82,"2,234",W,41Q-43Q,4,
The Austonian,2,2.5,FALSE,UNIT R,https://drive.google.com/file/d/1Ih40hnKpvjDknYJFeITBqxYp-ThOPQZl/view?usp=sharing,https://drive.google.com/uc?export=view&id=1Ih40hnKpvjDknYJFeITBqxYp-ThOPQZl,"2,616",SEWc,41R-43R,4,
The Austonian,3,3.5,TRUE,UNIT H,https://drive.google.com/file/d/1WdLZVxIpWLk1aWuN0jED3bXxLcwllFv7/view?usp=sharing,https://drive.google.com/uc?export=view&id=1WdLZVxIpWLk1aWuN0jED3bXxLcwllFv7,"2,898",SEc,"25H-30H, 32H-40H",15,
The Austonian,3,3.5,FALSE,UNIT S,https://drive.google.com/file/d/1GQRVBQdCJdNi2rVPnZhWv3z7FSAQpVyn/view?usp=sharing,https://drive.google.com/uc?export=view&id=1GQRVBQdCJdNi2rVPnZhWv3z7FSAQpVyn,"3,277",NEWc,41S-43S,4,
The Austonian,3,3.5,TRUE,UNIT T,https://drive.google.com/file/d/1Z3TNPNCkVDHZHC_7otcq6FVPhlP8RGwL/view?usp=sharing,https://drive.google.com/uc?export=view&id=1Z3TNPNCkVDHZHC_7otcq6FVPhlP8RGwL,"4,050",NEWc,45T-50T,6,
The Austonian,3,3.5,TRUE,UNIT U,https://drive.google.com/file/d/1hQxfTrlZY4tuxvtpRgxW6-kAAl4xdgR1/view?usp=sharing,https://drive.google.com/uc?export=view&id=1hQxfTrlZY4tuxvtpRgxW6-kAAl4xdgR1,"4,138",SEWc,45U-50U,6,
The Austonian,3,3.5,TRUE,44J,https://drive.google.com/file/d/1hY3eiRRrsOoVnJXHGSt4e-B3rDyMZAYT/view?usp=sharing,https://drive.google.com/uc?export=view&id=1hY3eiRRrsOoVnJXHGSt4e-B3rDyMZAYT,"4,326",SEWc,44J,1,
The Austonian,4,3.5,TRUE,PH-52CD,https://drive.google.com/file/d/1rZoq2Y4eORDBPK_opvZ7imt4qqWxFvSd/view?usp=sharing,https://drive.google.com/uc?export=view&id=1rZoq2Y4eORDBPK_opvZ7imt4qqWxFvSd,"3,762",,52CD,1,
The Austonian,4,4.5,TRUE,PH-52AB,https://drive.google.com/file/d/1kizjktZBxoim6w-NNoZ-TpNLm4gwH8UO/view?usp=sharing,https://drive.google.com/uc?export=view&id=1kizjktZBxoim6w-NNoZ-TpNLm4gwH8UO,"3,896",,52AB,1,
The Austonian,4,4.5,TRUE,PH-53SR,https://drive.google.com/file/d/14uo0_bprGCRI8pKJTPeo7wKXGNZrjVPr/view?usp=sharing,https://drive.google.com/uc?export=view&id=14uo0_bprGCRI8pKJTPeo7wKXGNZrjVPr,"4,465",,53SR,1,
The Austonian,3,3.5,TRUE,PH-54JP,https://drive.google.com/file/d/17WbCKbs6aHN-I7X7cnjKYyOT8jOxBI4l/view?usp=sharing,https://drive.google.com/uc?export=view&id=17WbCKbs6aHN-I7X7cnjKYyOT8jOxBI4l,"4,442",,54JP,1,
The Austonian,4,4.5,TRUE,PH-54GP,https://drive.google.com/file/d/1NnTfg5nB1_4wkNkLxRsxVLF4SRwCXuD8/view?usp=sharing,https://drive.google.com/uc?export=view&id=1NnTfg5nB1_4wkNkLxRsxVLF4SRwCXuD8,"3,161",,54GP,1,
70 Rainey,1,1,FALSE,M1,https://drive.google.com/file/d/1N5vyrelOOHexFDkPhgJUkAotw4tW3LcF/view?usp=sharing,https://drive.google.com/uc?export=view&id=1N5vyrelOOHexFDkPhgJUkAotw4tW3LcF,400,E,1205-1505,4,
70 Rainey,1,1,FALSE,M2,https://drive.google.com/file/d/1L5UPBp3os6wcQTvl1Ppz-soIFG5aRLW7/view?usp=sharing,https://drive.google.com/uc?export=view&id=1L5UPBp3os6wcQTvl1Ppz-soIFG5aRLW7,427,E,1207-1507,4,
70 Rainey,1,1,FALSE,A1,https://drive.google.com/file/d/1iW2jMTnvuTyTOHv7EPohHq3flwKIPxD8/view?usp=drive_link,https://drive.google.com/uc?export=view&id=1iW2jMTnvuTyTOHv7EPohHq3flwKIPxD8,718,N,"1210-1510, 1609-2209",11,
70 Rainey,1,1,FALSE,A2 ,https://drive.google.com/file/d/18mIzVXPzxFgKpAmeMpHaxMQGQo0d132g/view?usp=sharing,https://drive.google.com/uc?export=view&id=18mIzVXPzxFgKpAmeMpHaxMQGQo0d132g,663,E,1203-3103,20,
70 Rainey,1,1,FALSE,A3 - A,https://drive.google.com/file/d/125zaK1x4-O5peFwlGEUQBMxf33TdmO8h/view?usp=sharing,https://drive.google.com/uc?export=view&id=125zaK1x4-O5peFwlGEUQBMxf33TdmO8h,837,E,"1605, 1705",2,
70 Rainey,1,1.5,FALSE,A3,https://drive.google.com/file/d/12QRmoYxUS4g6yjezC8gwYvyH2JxrSMMv/view?usp=sharing,https://drive.google.com/uc?export=view&id=12QRmoYxUS4g6yjezC8gwYvyH2JxrSMMv,837,E,1805-3105,14,
70 Rainey,2,2,FALSE,B1,https://drive.google.com/file/d/1CplSsGqbhFn3XC1JE8GQvEysqgUV-PLF/view?usp=drive_link,https://drive.google.com/uc?export=view&id=1CplSsGqbhFn3XC1JE8GQvEysqgUV-PLF,1128,NEc,"1209-1509, 1607-3107",20,
70 Rainey,2,2,FALSE,C1,https://drive.google.com/file/d/1RoZSISUtC0RNca2oHiGla7sC6G8HxBfr/view?usp=drive_link,https://drive.google.com/uc?export=view&id=1RoZSISUtC0RNca2oHiGla7sC6G8HxBfr,1154,SWc,1202-2202,11,
70 Rainey,2,2,FALSE,C2,https://drive.google.com/file/d/19tD9bbYQRMH7l_hb3qcRQSKX25hv59rc/view?usp=sharing,https://drive.google.com/uc?export=view&id=19tD9bbYQRMH7l_hb3qcRQSKX25hv59rc,1321,W,"1204-2204, 2302-3102",20,
70 Rainey,2,2,FALSE,C3,https://drive.google.com/file/d/1zzz40u5IXg8wTcejKMKr4qBAP2wePdkS/view?usp=drive_link,https://drive.google.com/uc?export=view&id=1zzz40u5IXg8wTcejKMKr4qBAP2wePdkS,1434,NWc,1208-2208,11,
70 Rainey,2,2,TRUE,D1,https://drive.google.com/file/d/1DMcH4OhI-y_76aA7nqRGe5b8XfOLPxrZ/view?usp=drive_link,https://drive.google.com/uc?export=view&id=1DMcH4OhI-y_76aA7nqRGe5b8XfOLPxrZ,1697,SEc,1201-2201,11,
70 Rainey,2,3,TRUE,D2,https://drive.google.com/file/d/1bmt37O4mL_j4vOTzqG0LO2brd3M5FuZu/view?usp=sharing,https://drive.google.com/uc?export=view&id=1bmt37O4mL_j4vOTzqG0LO2brd3M5FuZu,1743,W,2106,1,
70 Rainey,2,3,TRUE,D2-A,https://drive.google.com/file/d/1bmt37O4mL_j4vOTzqG0LO2brd3M5FuZu/view?usp=drive_link,https://drive.google.com/uc?export=view&id=1bmt37O4mL_j4vOTzqG0LO2brd3M5FuZu,1743,W,"1206-2006, 2206, 2304-3104",19,
70 Rainey,3,3,FALSE,E1,https://drive.google.com/file/d/1q0ppUmsIrFRINK7-9RDXHWvzfPEHzCtu/view?usp=sharing,https://drive.google.com/uc?export=view&id=1q0ppUmsIrFRINK7-9RDXHWvzfPEHzCtu,2179,NWc,2306,1,
70 Rainey,3,3,FALSE,E1-A,https://drive.google.com/file/d/1s4ueQn-Ymw-nuEmsAHnB_CKUIQPeHYeY/view?usp=drive_link,https://drive.google.com/uc?export=view&id=1s4ueQn-Ymw-nuEmsAHnB_CKUIQPeHYeY,2179,NWc,2406-3106,8,
70 Rainey,3,3,TRUE,E2,https://drive.google.com/file/d/1aJnI4lcYAB4HdNz6a6IBW4qSSAFbqcZ4/view?usp=drive_link,https://drive.google.com/uc?export=view&id=1aJnI4lcYAB4HdNz6a6IBW4qSSAFbqcZ4,2851,SEWc,2301-3101,11,
70 Rainey,3,3,TRUE,PH1,https://drive.google.com/file/d/1e26IBcjuf7rYace_cXZ3x61738Q_ZRl7/view?usp=drive_link,https://drive.google.com/uc?export=view&id=1e26IBcjuf7rYace_cXZ3x61738Q_ZRl7,2978,SEWc,3201,1,
70 Rainey,3,3.5,FALSE,PH2,https://drive.google.com/file/d/1Qj2N58PPaj8hch5mM-829GEi-Uuh525X/view?usp=sharing,https://drive.google.com/uc?export=view&id=1Qj2N58PPaj8hch5mM-829GEi-Uuh525X,2850,W,3202,1,
70 Rainey,3,3.5,TRUE,PH3,https://drive.google.com/file/d/1nRvqOPqoZfzpP-8Vz9T-vKUQtp_jXLy6/view?usp=drive_link,https://drive.google.com/uc?export=view&id=1nRvqOPqoZfzpP-8Vz9T-vKUQtp_jXLy6,3684,E,3203-3303,2,
70 Rainey,3,3.5,TRUE,PH6,https://drive.google.com/file/d/1B5Nk6rIQ_4JvmCWGA0vptXaLj5-SUPu6/view?usp=drive_link,https://drive.google.com/uc?export=view&id=1B5Nk6rIQ_4JvmCWGA0vptXaLj5-SUPu6,3367,W,3302,1,
70 Rainey,3,3.5,TRUE,PH5,https://drive.google.com/file/d/1kEikb7h4hS3dWeWIBCGo3uokzVszYh9m/view?usp=drive_link,https://drive.google.com/uc?export=view&id=1kEikb7h4hS3dWeWIBCGo3uokzVszYh9m,3447,SEWc,3301,1,
70 Rainey,3,3,TRUE,PH4,https://drive.google.com/file/d/1qKLvnUf7bB1BsVAcdWUyHb0tQC-F4ox1/view?usp=sharing,https://drive.google.com/uc?export=view&id=1qKLvnUf7bB1BsVAcdWUyHb0tQC-F4ox1,3304,NEWc,3204,1,
70 Rainey,3,3.5,TRUE,PH7,https://drive.google.com/file/d/1Hd5D61mh7xCBUbOapPdWDN2LeP9iRyBJ/view?usp=sharing,https://drive.google.com/uc?export=view&id=1Hd5D61mh7xCBUbOapPdWDN2LeP9iRyBJ,3862,NEWc,3304,1,
44 East,0,1,FALSE,A1,https://drive.google.com/file/d/1gm_1gH_JCMP5A-7Oh9mk1i6lHo4qnrOR/view?usp=drive_link,https://drive.google.com/uc?export=view&id=1gm_1gH_JCMP5A-7Oh9mk1i6lHo4qnrOR,481,N,"1406, 2106, 2206, 2806, 2906",5,
44 East,0,1,FALSE,A1.1,https://drive.google.com/file/d/17yH312WYLK4RJUtxj6eU8iS0e7yrPgFI/view?usp=sharing,https://drive.google.com/uc?export=view&id=17yH312WYLK4RJUtxj6eU8iS0e7yrPgFI,537,N,3804,1,
44 East,0,1,FALSE,A1.2,https://drive.google.com/file/d/1zATjB698ewPM8k-Om8pD4EpVv5YSEZdn/view?usp=sharing,https://drive.google.com/uc?export=view&id=1zATjB698ewPM8k-Om8pD4EpVv5YSEZdn,538,N,"1206, 1306, 1506-2006, 2306-2706, 3006, 3106",15,
44 East,1,1,FALSE,A2S,https://drive.google.com/file/d/1sDan3QoK8gifd1Yu8pesSwixpbbA1gn3/view?usp=sharing,https://drive.google.com/uc?export=view&id=1sDan3QoK8gifd1Yu8pesSwixpbbA1gn3,618,W,1203-3103,20,
44 East,1,1,FALSE,A2.1S,https://drive.google.com/file/d/1uJuODpra55Ac4Iw930aEo4gv0BtI3bob/view?usp=sharing,https://drive.google.com/uc?export=view&id=1uJuODpra55Ac4Iw930aEo4gv0BtI3bob,633,W,3703-3803,2,
44 East,1,1,FALSE,A2N,https://drive.google.com/file/d/1W6Dy4qN6F4ZOUUBzFvWNc45ZOgKYi94m/view?usp=sharing,https://drive.google.com/uc?export=view&id=1W6Dy4qN6F4ZOUUBzFvWNc45ZOgKYi94m,614,W,1204-3104,20,
44 East,1,1,FALSE,A3,https://drive.google.com/file/d/1z-Ik76lSsXwlZAO1hNtoehNjZjV7cS9I/view?usp=sharing,https://drive.google.com/uc?export=view&id=1z-Ik76lSsXwlZAO1hNtoehNjZjV7cS9I,632,W,1202-1902,8,
44 East,1,1,FALSE,A3.1,https://drive.google.com/file/d/1ybDoMJx3C1M0SJjlylH_gLk4K7DaTXqQ/view?usp=sharing,https://drive.google.com/uc?export=view&id=1ybDoMJx3C1M0SJjlylH_gLk4K7DaTXqQ,651,W,3702-3802,2,
44 East,1,1,FALSE,A4,https://drive.google.com/file/d/10kKCOf9qLJ0IZ3I1WnXILAqZmU159yER/view?usp=sharing,https://drive.google.com/uc?export=view&id=10kKCOf9qLJ0IZ3I1WnXILAqZmU159yER,707,S,1211-3111,20,
44 East,2,2,FALSE,B1N,https://drive.google.com/file/d/1cHLjso1mc4yrTlQgLTK-BngFCpmd-QVk/view?usp=sharing,https://drive.google.com/uc?export=view&id=1cHLjso1mc4yrTlQgLTK-BngFCpmd-QVk,793,E,1208-3108,20,
44 East,2,2,FALSE,B1.1N,,#N/A,796,E,"3205-3705, 3806",7,
44 East,2,2,FALSE,B1S,https://drive.google.com/file/d/10A2zHRVwAO6lQ7uw5xhu8R_BczaH1uG3/view?usp=sharing,https://drive.google.com/uc?export=view&id=10A2zHRVwAO6lQ7uw5xhu8R_BczaH1uG3,791,E,1209-3109,20,
44 East,2,2,FALSE,B1.1S,https://drive.google.com/file/d/1f4aJ39-77cEBhmDcPjbuVf64o5eragaU/view?usp=drive_link,https://drive.google.com/uc?export=view&id=1f4aJ39-77cEBhmDcPjbuVf64o5eragaU,796,E,"3206-3706, 3807",7,
44 East,2,2,FALSE,B2,https://drive.google.com/file/d/1mRM9shJjYR2R6Go1to4i8eQdUMiD0mE4/view?usp=drive_link,https://drive.google.com/uc?export=view&id=1mRM9shJjYR2R6Go1to4i8eQdUMiD0mE4,"1,221",NEc,1207-3107,7,
44 East,2,2,FALSE,B2.1,https://drive.google.com/file/d/1f2hSNqXvU0o9vzfRdBSZgfpqcha41Y_E/view?usp=drive_link,https://drive.google.com/uc?export=view&id=1f2hSNqXvU0o9vzfRdBSZgfpqcha41Y_E,"1,172",NEc,"3204-3604, 3805",6,
44 East,2,2,FALSE,B2.2,https://drive.google.com/file/d/1IZVG8CEspBLhSZ9HbFYdv78-2xVvQ3oH/view?usp=drive_link,https://drive.google.com/uc?export=view&id=1IZVG8CEspBLhSZ9HbFYdv78-2xVvQ3oH,"1,216",NEc,3904-4404,6,
44 East,2,2,FALSE,B3,https://drive.google.com/file/d/1g3VQyr9UtWLfBiH69iIunxF7H-P0Vv3m/view?usp=sharing,https://drive.google.com/uc?export=view&id=1g3VQyr9UtWLfBiH69iIunxF7H-P0Vv3m,"1,228",NWc,"1405, 2105, 2205, 2805, 2905",5,
44 East,2,2,FALSE,B3.1,https://drive.google.com/file/d/1p9lt4R3LXm4Hk6ni_5QD6NIlkszSzwlU/view?usp=sharing,https://drive.google.com/uc?export=view&id=1p9lt4R3LXm4Hk6ni_5QD6NIlkszSzwlU,"1,232",NWc,"1205, 1305, 1505-2005, 2305-2705, 3005, 3105",15,
44 East,2,2,FALSE,B4,https://drive.google.com/file/d/1nQ6CFGFELhPdMAua3OKOe5pd-39lPsZm/view?usp=sharing,https://drive.google.com/uc?export=view&id=1nQ6CFGFELhPdMAua3OKOe5pd-39lPsZm,"1,260",SEc,1210-3110,20,
44 East,2,2,FALSE,B5,https://drive.google.com/file/d/1956ekJvy9H-4kEqANdLLVj4tXXCPe0rf/view?usp=sharing,https://drive.google.com/uc?export=view&id=1956ekJvy9H-4kEqANdLLVj4tXXCPe0rf,"1,286",SWc,3701-3801,2,
44 East,2,2,FALSE,B5.1,https://drive.google.com/file/d/1Z7Xi6UdEPqnnS_JWHb-9ZX-ZBdOW6oue/view?usp=sharing,https://drive.google.com/uc?export=view&id=1Z7Xi6UdEPqnnS_JWHb-9ZX-ZBdOW6oue,"1,293",SWc,1201-1901,8,
44 East,2,2,FALSE,B6,https://drive.google.com/file/d/1DrsEtpLkDA_RHSRrBkfiMim1d1AmPc2X/view?usp=sharing,https://drive.google.com/uc?export=view&id=1DrsEtpLkDA_RHSRrBkfiMim1d1AmPc2X,"1,386",W,3202-3602,5,
44 East,2,2,FALSE,B6.1,https://drive.google.com/file/d/1BPgCJ5iq_siPTIjzMvqdOa-4OM2vetcB/view?usp=sharing,https://drive.google.com/uc?export=view&id=1BPgCJ5iq_siPTIjzMvqdOa-4OM2vetcB,"1,411",W,3902-4402,6,
44 East,3,3,FALSE,C0,https://drive.google.com/file/d/1Y3782HEtm0qBw7d1187K4eZvyrK5X6db/view?usp=drive_link,https://drive.google.com/uc?export=view&id=1Y3782HEtm0qBw7d1187K4eZvyrK5X6db,"1,258",NEc,3704,1,
44 East,3,3,FALSE,C1,https://drive.google.com/file/d/1Jn2Q4OsD3MBdd7N7D8ZFhLMi9gYvUJmI/view?usp=sharing,https://drive.google.com/uc?export=view&id=1Jn2Q4OsD3MBdd7N7D8ZFhLMi9gYvUJmI,"1,594",E,3905-4405,6,
44 East,3,3,FALSE,C3,https://drive.google.com/file/d/1RPpjY4xugbjnGhFibtcTpREaNQwWFnFA/view?usp=sharing,https://drive.google.com/uc?export=view&id=1RPpjY4xugbjnGhFibtcTpREaNQwWFnFA,"1,993",SEc,"3207-3707, 3808",7,
44 East,3,3,FALSE,C3.1,https://drive.google.com/file/d/1iROR14SQnanbPfOD1YGed8e0ftPTPWuU/view?usp=sharing,https://drive.google.com/uc?export=view&id=1iROR14SQnanbPfOD1YGed8e0ftPTPWuU,"1,999",SEc,3906-4406,6,
44 East,3,3,FALSE,C3.5,https://drive.google.com/file/d/12PUZ_BQgt3B3_3nyweBuu24KY_yabthP/view?usp=sharing,https://drive.google.com/uc?export=view&id=12PUZ_BQgt3B3_3nyweBuu24KY_yabthP,"2,032",SWc,2001-3101,12,
44 East,3,2,FALSE,C0.1,https://drive.google.com/file/d/1Jn2Q4OsD3MBdd7N7D8ZFhLMi9gYvUJmI/view?usp=drive_link,https://drive.google.com/uc?export=view&id=1Jn2Q4OsD3MBdd7N7D8ZFhLMi9gYvUJmI,"1,221",NEc,1207,1,
44 East,3,2,FALSE,C2,https://drive.google.com/file/d/1_jHS1hz9Gxa-OnMJ13Jm07LtKlGhJUGk/view?usp=drive_link,https://drive.google.com/uc?export=view&id=1_jHS1hz9Gxa-OnMJ13Jm07LtKlGhJUGk,"1,751",NWc,4203,1,
44 East,3,2,FALSE,C2.1,https://drive.google.com/file/d/1IWLjolhX1haMwhfujjlztAlPrXDMD-5k/view?usp=sharing,https://drive.google.com/uc?export=view&id=1IWLjolhX1haMwhfujjlztAlPrXDMD-5k,"1,762",NWc,3203,1,
44 East,3,2,FALSE,C2.2,https://drive.google.com/file/d/1IaGP4slxpKDU4YAPbvfDPy7pMiT7iGY1/view?usp=sharing,https://drive.google.com/uc?export=view&id=1IaGP4slxpKDU4YAPbvfDPy7pMiT7iGY1,"1,785",NWc,3303-3603,4,
44 East,3,2,FALSE,C2.3,https://drive.google.com/file/d/1hWGa0Cd86lwHg8QPP8evdKsQ7ATV2bVO/view?usp=drive_link,https://drive.google.com/uc?export=view&id=1hWGa0Cd86lwHg8QPP8evdKsQ7ATV2bVO,"1,795",NWc,"3903-4103, 4303, 4403",5,
44 East,3,2,FALSE,C5,https://drive.google.com/file/d/1zZFvZBkYmjrzvFYA5M4xUw97gwjSjpv-/view?usp=drive_link,https://drive.google.com/uc?export=view&id=1zZFvZBkYmjrzvFYA5M4xUw97gwjSjpv-,"2,114",SWc,3201-3601,5,
44 East,3,2,FALSE,C5.1,https://drive.google.com/file/d/1qc3DyJMJr2ZBcVeYt3A5QKlzxzY2gIvH/view?usp=drive_link,https://drive.google.com/uc?export=view&id=1qc3DyJMJr2ZBcVeYt3A5QKlzxzY2gIvH,"2,118",SWc,3901-4401,6,
44 East,3,3,FALSE,PHC4,https://drive.google.com/file/d/1WJWmXiEbfPHVCpzKw-5QR1qYAI-eP8nU/view?usp=drive_link,https://drive.google.com/uc?export=view&id=1WJWmXiEbfPHVCpzKw-5QR1qYAI-eP8nU,"2,085",NEc,4803,1,
44 East,3,3,FALSE,PHC4.1,https://drive.google.com/file/d/1YM3eKZVj5N5YQCRe9HYhHsFZuph9u4Zp/view?usp=drive_link,https://drive.google.com/uc?export=view&id=1YM3eKZVj5N5YQCRe9HYhHsFZuph9u4Zp,"2,106",NEc,4503-4703,3,
44 East,3,3.5,FALSE,PHC6,https://drive.google.com/file/d/14AfvyUwGynETHBFx54g-OYXYifkNi0X3/view?usp=drive_link,https://drive.google.com/uc?export=view&id=14AfvyUwGynETHBFx54g-OYXYifkNi0X3,"2,556",NWc,4502-4702,4,
44 East,3,2.5,TRUE,PHC6.1,https://drive.google.com/file/d/1g5e5CaW6i5Vt6bnBflI7mePITst3V5uw/view?usp=drive_link,https://drive.google.com/uc?export=view&id=1g5e5CaW6i5Vt6bnBflI7mePITst3V5uw,"3,110",NWc,4802,1,
44 East,4,4,FALSE,PHD1,https://drive.google.com/file/d/17PafkSbwVNvd672E8NJJZsV_hu7e7uYT/view?usp=drive_link,https://drive.google.com/uc?export=view&id=17PafkSbwVNvd672E8NJJZsV_hu7e7uYT,"2,858",SEc,4504-4704,4,
44 East,4,4,TRUE,PHD1,https://drive.google.com/file/d/17PafkSbwVNvd672E8NJJZsV_hu7e7uYT/view?usp=drive_link,https://drive.google.com/uc?export=view&id=17PafkSbwVNvd672E8NJJZsV_hu7e7uYT,"3,234",SEc,4804,1,
Natiivo,1,1,FALSE,S1,https://drive.google.com/file/d/1dhq7yBtR7BmZoEhNYsBYBtfMX0oW0pCt/view?usp=drive_link,https://drive.google.com/uc?export=view&id=1dhq7yBtR7BmZoEhNYsBYBtfMX0oW0pCt,495,N,1002-3202,23,
Natiivo,1,1,FALSE,A1,https://drive.google.com/file/d/1bcAmWqsQW1FcwqEbVrGAuz7kPwif2c-f/view?usp=drive_link,https://drive.google.com/uc?export=view&id=1bcAmWqsQW1FcwqEbVrGAuz7kPwif2c-f,684,N,1103-3203,22,
Natiivo,1,1,FALSE,A2,https://drive.google.com/file/d/1qFmvSXoJAniH_4iRHVqLjnnFVrro0J6u/view?usp=drive_linkhttps://drive.google.com/file/d/1qFmvSXoJAniH_4iRHVqLjnnFVrro0J6u/view?usp=drive_link,https://drive.google.com/uc?export=view&id=1qFmvSXoJAniH_4iRHVqLjnnFVrro0J6u,706,E,1105-3205,22,
Natiivo,1,1,FALSE,A3,https://drive.google.com/file/d/1jYTa4FuSPUuc9rWJdwM423gAcfFJjDB5/view?usp=drive_link,https://drive.google.com/uc?export=view&id=1jYTa4FuSPUuc9rWJdwM423gAcfFJjDB5,794,E,1107-3207,22,
Natiivo,1,1,FALSE,A4,https://drive.google.com/file/d/11QQ_qh-5-qHVVtqLHFd4rgZhJOYyuNNF/view?usp=drive_link,https://drive.google.com/uc?export=view&id=11QQ_qh-5-qHVVtqLHFd4rgZhJOYyuNNF,782,E,1806-3206,15,
Natiivo,1,1,FALSE,A4a,https://drive.google.com/file/d/1ygIc2HM8X-vzP7tQCOyTI8FQ9zdl8nvR/view?usp=drive_link,https://drive.google.com/uc?export=view&id=1ygIc2HM8X-vzP7tQCOyTI8FQ9zdl8nvR,782,E,1106-1706,7,
Natiivo,1,1,FALSE,A5,https://drive.google.com/file/d/1_fVRDToF7F_nt9xwlGjxHC-Q0Bxi45Re/view?usp=drive_link,https://drive.google.com/uc?export=view&id=1_fVRDToF7F_nt9xwlGjxHC-Q0Bxi45Re,937,SEc,2208-3208,11,
Natiivo,1,1,FALSE,A7,https://drive.google.com/file/d/14OgPwFlVhKNIbwmz2Cxu58qv-pfFHdIF/view?usp=drive_link,https://drive.google.com/uc?export=view&id=14OgPwFlVhKNIbwmz2Cxu58qv-pfFHdIF,937,NEc,1104-3204,22,
Natiivo,1,1,FALSE,A9,https://drive.google.com/file/d/1MJEMRHYRyW_dDZLPFWWCiSB_3fHgu9ke/view?usp=drive_link,https://drive.google.com/uc?export=view&id=1MJEMRHYRyW_dDZLPFWWCiSB_3fHgu9ke,"1,082",W,1111-3111,21,
Natiivo,2,2,FALSE,B1,https://drive.google.com/file/d/11LUbhe2dx-ENJdDr03KBaGjK4xjnJIHN/view?usp=drive_link,https://drive.google.com/uc?export=view&id=11LUbhe2dx-ENJdDr03KBaGjK4xjnJIHN,"1,069",S,1109-3209,22,
Natiivo,2,2,FALSE,B2,https://drive.google.com/file/d/1q1BoBAAqBSKVU63qKQy4USMgadZILutd/view?usp=sharing,https://drive.google.com/uc?export=view&id=1q1BoBAAqBSKVU63qKQy4USMgadZILutd,"1,472",NWc,1001-3101,22,
Natiivo,2,2,FALSE,B4,https://drive.google.com/file/d/1unQl0vszL2pAZhczZ3eRAucP4ATBvaNl/view?usp=drive_link,https://drive.google.com/uc?export=view&id=1unQl0vszL2pAZhczZ3eRAucP4ATBvaNl,"1,400",SWc,"1110, 1510-3110",17,
Natiivo,2,2,FALSE,B4a,https://drive.google.com/file/d/1CCJ06B920Q8plrqayeYvsAubecSb7OVG/view?usp=drive_link,https://drive.google.com/uc?export=view&id=1CCJ06B920Q8plrqayeYvsAubecSb7OVG,"1,277",SWc,1210-1410,3,
Natiivo,2,2,FALSE,B5,https://drive.google.com/file/d/1ih5UO7-MG_JJ4lOI-lgo51piIbybThpT/view?usp=drive_link,https://drive.google.com/uc?export=view&id=1ih5UO7-MG_JJ4lOI-lgo51piIbybThpT,"1,499",NWc,3201,1,
Natiivo,2,2,FALSE,B6,https://drive.google.com/file/d/1dVuXKs4DahfHPztreSTdkpW1vifUmvhD/view?usp=drive_link,https://drive.google.com/uc?export=view&id=1dVuXKs4DahfHPztreSTdkpW1vifUmvhD,"1,495",SWc,3210,1,
Four Seasons,1,1,FALSE,MILAN,https://drive.google.com/file/d/1GEX3Jt5CIdRU2sUcwLwLnYBzxeJvsWDE/view?usp=drive_link,https://drive.google.com/uc?export=view&id=1GEX3Jt5CIdRU2sUcwLwLnYBzxeJvsWDE,"1,301",,,,
Four Seasons,1,1,FALSE,PALO ALTO,https://drive.google.com/file/d/1TzEEWeoyTpV2zCtjyPpaSkFQBKl00G2W/view?usp=drive_link,https://drive.google.com/uc?export=view&id=1TzEEWeoyTpV2zCtjyPpaSkFQBKl00G2W,"1,400",,,,
Four Seasons,1,2,TRUE,SHANGHAI,https://drive.google.com/file/d/15EYP65m6WS7JU7GAa2kvowJgE22DzWmq/view?usp=drive_link,https://drive.google.com/uc?export=view&id=15EYP65m6WS7JU7GAa2kvowJgE22DzWmq,"1,414",,,,
Four Seasons,1,2,TRUE,TOKYO,https://drive.google.com/file/d/1dIYKzTq0H0jlu_60YBZWRjDYu243T5lR/view?usp=drive_link,https://drive.google.com/uc?export=view&id=1dIYKzTq0H0jlu_60YBZWRjDYu243T5lR,"1,420",,,,
Four Seasons,2,2,FALSE,LISBON,https://drive.google.com/file/d/1dfgn5fqAAKm_zsNtOmkVXyuHMbRci01g/view?usp=drive_link,https://drive.google.com/uc?export=view&id=1dfgn5fqAAKm_zsNtOmkVXyuHMbRci01g,"1,684",,,,
Four Seasons,2,2.5,FALSE,ALEXANDRIA,https://drive.google.com/file/d/1HbvjeZESo6WsGYDbiMVS0bWDWQ1cVvPR/view?usp=drive_link,https://drive.google.com/uc?export=view&id=1HbvjeZESo6WsGYDbiMVS0bWDWQ1cVvPR,"1,778",,,,
Four Seasons,2,2.5,FALSE,GENEVA,https://drive.google.com/file/d/1NITNY5TiaME_fChe0MW8HMr6tA_8UXMJ/view?usp=drive_link,https://drive.google.com/uc?export=view&id=1NITNY5TiaME_fChe0MW8HMr6tA_8UXMJ,"2,336",,,,
Four Seasons,2,2.5,FALSE,HAMPSHIRE,https://drive.google.com/file/d/1qrjKbjQKQkeIExBudpp5LW12byH5ACri/view?usp=drive_link,https://drive.google.com/uc?export=view&id=1qrjKbjQKQkeIExBudpp5LW12byH5ACri,"2,046",,,,
Four Seasons,2,2.5,FALSE,NEVIS,https://drive.google.com/file/d/1dRJJ3avAig75DLf4Syi1s0xZh4RF4BJ5/view?usp=drive_link,https://drive.google.com/uc?export=view&id=1dRJJ3avAig75DLf4Syi1s0xZh4RF4BJ5,"1,640",,,,
Four Seasons,2,2.5,FALSE,PARIS,https://drive.google.com/file/d/1kDWEvZ4kVmc6dI-jC-GA8uqM4IqVoG6p/view?usp=drive_link,https://drive.google.com/uc?export=view&id=1kDWEvZ4kVmc6dI-jC-GA8uqM4IqVoG6p,"1,661",,,,
Four Seasons,2,2.5,FALSE,PRAGUE,https://drive.google.com/file/d/1-lzz2zN9cPfFE81n1h1-VByESUjEXs6a/view?usp=drive_link,https://drive.google.com/uc?export=view&id=1-lzz2zN9cPfFE81n1h1-VByESUjEXs6a,"1,883",,,,
Four Seasons,2,2.5,FALSE,PROVENCE,https://drive.google.com/file/d/1jd_uUeYztuiJZFxaPMJZ9x-tjdcsGijo/view?usp=drive_link,https://drive.google.com/uc?export=view&id=1jd_uUeYztuiJZFxaPMJZ9x-tjdcsGijo,"2,039",,,,
Four Seasons,2,2.5,FALSE,SANTA BARBARA NW,https://drive.google.com/file/d/10z9j39iEmrdA2mwgGdSSjU2MjfrUjx0y/view?usp=drive_link,https://drive.google.com/uc?export=view&id=10z9j39iEmrdA2mwgGdSSjU2MjfrUjx0y,"2,948",,,,
Four Seasons,2,2.5,FALSE,SYDNEY,https://drive.google.com/file/d/1FvCom81crQNVDD2CvydRSRNNi18mLH5n/view?usp=drive_link,https://drive.google.com/uc?export=view&id=1FvCom81crQNVDD2CvydRSRNNi18mLH5n,"1,970",,,,
Four Seasons,2,2.5,FALSE,WILSHIRE SW,https://drive.google.com/file/d/1jMTlzPH58sCjkXvIZIeSmYQQ5SLbHPTk/view?usp=drive_link,https://drive.google.com/uc?export=view&id=1jMTlzPH58sCjkXvIZIeSmYQQ5SLbHPTk,"3,052",,,,
Four Seasons,2,2.5,TRUE,LOWER EAST COMBO,https://drive.google.com/file/d/1jDUDkl90wZH_-gwC0MsaEC89FfnULJhA/view?usp=drive_link,https://drive.google.com/uc?export=view&id=1jDUDkl90wZH_-gwC0MsaEC89FfnULJhA,4.016,,,,
Four Seasons,2,2.5,TRUE,LOWER WEST COMBO,https://drive.google.com/file/d/147rht4Wb_ZeIRJURkArw-xDLpaYJQoIQ/view?usp=drive_link,https://drive.google.com/uc?export=view&id=147rht4Wb_ZeIRJURkArw-xDLpaYJQoIQ,"3,081",,,,
Four Seasons,2,2.5,TRUE,WILSHIRE SE,https://drive.google.com/file/d/1l_8uhfm7jmpmMlk3Ucgc8HIs-nP4lZkw/view?usp=drive_link,https://drive.google.com/uc?export=view&id=1l_8uhfm7jmpmMlk3Ucgc8HIs-nP4lZkw,"3,052",,,,
Four Seasons,3,3,FALSE,SANTA BARBARA NE,https://drive.google.com/file/d/1mc894up0kSQdGAYC8fkrLKB8A0UYfkyl/view?usp=drive_link,https://drive.google.com/uc?export=view&id=1mc894up0kSQdGAYC8fkrLKB8A0UYfkyl,"2,948",,,,
Four Seasons,3,3.5,FALSE,AUSTIN,https://drive.google.com/file/d/14GqfVPzOhYjE-gETgSjW5UwM9_9s20lO/view?usp=drive_link,https://drive.google.com/uc?export=view&id=14GqfVPzOhYjE-gETgSjW5UwM9_9s20lO,"2,948",,,,
Four Seasons,3,3.5,TRUE,TERRACE COMBO EAST,https://drive.google.com/file/d/1GOwvsxEhjSU2CvoaYx0dh_z7bUmUqirS/view?usp=drive_link,https://drive.google.com/uc?export=view&id=1GOwvsxEhjSU2CvoaYx0dh_z7bUmUqirS,"4,787",,,,
Four Seasons,3,3.5,TRUE,TERRACE COMBO WEST,https://drive.google.com/file/d/1Tzpf2DaOJVFIJ0VAgPEL39K5MV6Vs6H2/view?usp=drive_link,https://drive.google.com/uc?export=view&id=1Tzpf2DaOJVFIJ0VAgPEL39K5MV6Vs6H2,"5,606",,,,
Four Seasons,4,3.5,FALSE,SUPER PENTHOUSE EAST,https://drive.google.com/file/d/1GOwvsxEhjSU2CvoaYx0dh_z7bUmUqirS/view?usp=drive_link,https://drive.google.com/uc?export=view&id=1GOwvsxEhjSU2CvoaYx0dh_z7bUmUqirS,"6,146",,,,
Four Seasons,4,3.5,FALSE,SUPER PENTHOUSE WEST,https://drive.google.com/file/d/1Tzpf2DaOJVFIJ0VAgPEL39K5MV6Vs6H2/view?usp=drive_link,https://drive.google.com/uc?export=view&id=1Tzpf2DaOJVFIJ0VAgPEL39K5MV6Vs6H2,"6,146",,,,
The Shore,0,1,FALSE,AF-4,https://drive.google.com/file/d/1L7PDue_OQD_MgI0SJvwSSIz9PlJu_0Wv/view?usp=drive_link,https://drive.google.com/uc?export=view&id=1L7PDue_OQD_MgI0SJvwSSIz9PlJu_0Wv,655,,,,
The Shore,0,1,FALSE,AF-5,https://drive.google.com/file/d/1-5zB7ddzdH5MUT5PO46aWLhqRaHCgY4h/view?usp=drive_link,https://drive.google.com/uc?export=view&id=1-5zB7ddzdH5MUT5PO46aWLhqRaHCgY4h,632,,,,
The Shore,0,1,FALSE,AF-6,https://drive.google.com/file/d/1rrEmMfplAD18uWXkVXXMm5aFs8pC13Bq/view?usp=drive_link,https://drive.google.com/uc?export=view&id=1rrEmMfplAD18uWXkVXXMm5aFs8pC13Bq,644,,,,
The Shore,1,1,FALSE,A1,https://drive.google.com/file/d/1E6ANwhXBv122BFLv-su9psKNLz2ggest/view?usp=drive_link,https://drive.google.com/uc?export=view&id=1E6ANwhXBv122BFLv-su9psKNLz2ggest,763,,,,
The Shore,1,1,FALSE,A2,https://drive.google.com/file/d/1bMszy6KLjz3X8YIGx8OGtSJFcRlgEtjX/view?usp=drive_link,https://drive.google.com/uc?export=view&id=1bMszy6KLjz3X8YIGx8OGtSJFcRlgEtjX,868,,,,
The Shore,1,1,FALSE,A4,https://drive.google.com/file/d/1XyAJ0lUBB8PKHKEjRCz_NplRwU1UM_iH/view?usp=drive_link,https://drive.google.com/uc?export=view&id=1XyAJ0lUBB8PKHKEjRCz_NplRwU1UM_iH,"1,020",,,,
The Shore,1,1,FALSE,A5,https://drive.google.com/file/d/1463xLIOZ82Y8pb-V7f6CJ2UhmonMCScf/view?usp=drive_link,https://drive.google.com/uc?export=view&id=1463xLIOZ82Y8pb-V7f6CJ2UhmonMCScf,776,,,,
The Shore,1,1,FALSE,A6,https://drive.google.com/file/d/1FeFgyD6YTznGcNZ6p3JWCuDanP8bX1J3/view?usp=drive_link,https://drive.google.com/uc?export=view&id=1FeFgyD6YTznGcNZ6p3JWCuDanP8bX1J3,872,,,,
The Shore,1,1,FALSE,A7,https://drive.google.com/file/d/180ETrT7RNgsafgIZGu2HSOWFJF-dBasF/view?usp=drive_link,https://drive.google.com/uc?export=view&id=180ETrT7RNgsafgIZGu2HSOWFJF-dBasF,"1,127",,,,
The Shore,1,1,FALSE,A8,https://drive.google.com/file/d/112qB-A6bpUFhbZ3_ilt56XjUqZJU6amP/view?usp=drive_link,https://drive.google.com/uc?export=view&id=112qB-A6bpUFhbZ3_ilt56XjUqZJU6amP,982,,,,
The Shore,1,1,FALSE,AF-1,https://drive.google.com/file/d/1ywxIKptW-nbhk9ojF2cwbNhQdLFRLwrF/view?usp=drive_link,https://drive.google.com/uc?export=view&id=1ywxIKptW-nbhk9ojF2cwbNhQdLFRLwrF,755,,,,
The Shore,1,1,FALSE,AF-2,https://drive.google.com/file/d/1DjLGbM_DcWZWDsoQhXTru10XirfT9T7M/view?usp=drive_link,https://drive.google.com/uc?export=view&id=1DjLGbM_DcWZWDsoQhXTru10XirfT9T7M,737,,,,
The Shore,1,1,FALSE,AF-3,https://drive.google.com/file/d/1Vmvzsypfx2JTTQPku90gdjF8dBbRqo_N/view?usp=drive_link,https://drive.google.com/uc?export=view&id=1Vmvzsypfx2JTTQPku90gdjF8dBbRqo_N,754,,,,
The Shore,1,1,TRUE,D1,https://drive.google.com/file/d/148l_OOIgYFnhzeilr5Y9wKGzsPGg588F/view?usp=drive_link,https://drive.google.com/uc?export=view&id=148l_OOIgYFnhzeilr5Y9wKGzsPGg588F,988,,,,
The Shore,1,1,TRUE,D2,https://drive.google.com/file/d/1d3TKGZlG3Iajn--_lTxi6gc53dQbc8Bs/view?usp=drive_link,https://drive.google.com/uc?export=view&id=1d3TKGZlG3Iajn--_lTxi6gc53dQbc8Bs,"1,073",,,,
The Shore,1,1,TRUE,D3,https://drive.google.com/file/d/1lqQnPvYs81X0kcPXKtUQrPp1gNu0NmTG/view?usp=drive_link,https://drive.google.com/uc?export=view&id=1lqQnPvYs81X0kcPXKtUQrPp1gNu0NmTG,"1,238",,,,
The Shore,1,1,TRUE,D4,https://drive.google.com/file/d/1azWj8ly-IflJy2Ptli_8hUibWhbNYeMO/view?usp=drive_link,https://drive.google.com/uc?export=view&id=1azWj8ly-IflJy2Ptli_8hUibWhbNYeMO,"1,134",,,,
The Shore,1,1,TRUE,D5,https://drive.google.com/file/d/17VpEdZ_1v_KQZJmudJPA8XRpz6AVhToE/view?usp=drive_link,https://drive.google.com/uc?export=view&id=17VpEdZ_1v_KQZJmudJPA8XRpz6AVhToE,"1,153",,,,
The Shore,1,1,TRUE,D6,https://drive.google.com/file/d/19Ba-PutAGWXXxkBTaPOljsRSDkIFx6k8/view?usp=drive_link,https://drive.google.com/uc?export=view&id=19Ba-PutAGWXXxkBTaPOljsRSDkIFx6k8,980,,,,
The Shore,1,1,TRUE,D7,https://drive.google.com/file/d/1EYkOvIeaLDk11yHdLdU6MPZC9C96KwX0/view?usp=drive_link,https://drive.google.com/uc?export=view&id=1EYkOvIeaLDk11yHdLdU6MPZC9C96KwX0,"1,416",,,,
The Shore,1,1,TRUE,D8,https://drive.google.com/file/d/1X6E2Jxp2S4xl0YFv8n9l-0I_yxay_7gO/view?usp=drive_link,https://drive.google.com/uc?export=view&id=1X6E2Jxp2S4xl0YFv8n9l-0I_yxay_7gO,942,,,,
The Shore,1,1,TRUE,D9,https://drive.google.com/file/d/1KDcOEMv8mMbpUp5Y41UcFgz2M79HELaV/view?usp=drive_link,https://drive.google.com/uc?export=view&id=1KDcOEMv8mMbpUp5Y41UcFgz2M79HELaV,983,,,,
The Shore,1,1,TRUE,D10,https://drive.google.com/file/d/15mvvXaVBiNAuQehw-XcLNvqTwyLtlFuv/view?usp=drive_link,https://drive.google.com/uc?export=view&id=15mvvXaVBiNAuQehw-XcLNvqTwyLtlFuv,"1,133",,,,
The Shore,1,1,TRUE,D11,https://drive.google.com/file/d/1IWyjtqVwbIf3i0MlrxgvAeDHB4v7ul_n/view?usp=drive_link,https://drive.google.com/uc?export=view&id=1IWyjtqVwbIf3i0MlrxgvAeDHB4v7ul_n,"1,339",,,,
The Shore,2,2,FALSE,B1,https://drive.google.com/file/d/1YQS06QaoD8ISla-z2JqCxs2qUkaJeMbB/view?usp=drive_link,https://drive.google.com/uc?export=view&id=1YQS06QaoD8ISla-z2JqCxs2qUkaJeMbB,"1,470",,,,
The Shore,2,2,FALSE,B3,https://drive.google.com/file/d/1TDAgIrRjcpUtTxIelLR2nIiEzT7o7tmD/view?usp=drive_link,https://drive.google.com/uc?export=view&id=1TDAgIrRjcpUtTxIelLR2nIiEzT7o7tmD,"2,012",,,,
The Shore,2,2,FALSE,B4,https://drive.google.com/file/d/16zH5OuBALz4-VLg1QOloX2Zt8fg31NgJ/view?usp=drive_link,https://drive.google.com/uc?export=view&id=16zH5OuBALz4-VLg1QOloX2Zt8fg31NgJ,"1,488",,,,
The Shore,2,2,FALSE,B5,https://drive.google.com/file/d/1mKaYdnPHqKvqCjcbgWnq9U6_sokcC33T/view?usp=drive_link,https://drive.google.com/uc?export=view&id=1mKaYdnPHqKvqCjcbgWnq9U6_sokcC33T,"1,486",,,,
The Shore,2,2,FALSE,B6,https://drive.google.com/file/d/11xKvFMtUBi3fQNtBh4VNswjM_VXP3KNR/view?usp=drive_link,https://drive.google.com/uc?export=view&id=11xKvFMtUBi3fQNtBh4VNswjM_VXP3KNR,"1,907",,,,
The Shore,2,2,FALSE,B7,https://drive.google.com/file/d/1dBDQN5GA94wDCUxKPB4CgU5fgm60u3FC/view?usp=drive_link,https://drive.google.com/uc?export=view&id=1dBDQN5GA94wDCUxKPB4CgU5fgm60u3FC,"1,468",,,,
The Shore,2,2,FALSE,B8,https://drive.google.com/file/d/1GZvbbEzrcInWxJXwPdOtX0lp2F9Uuok0/view?usp=drive_link,https://drive.google.com/uc?export=view&id=1GZvbbEzrcInWxJXwPdOtX0lp2F9Uuok0,"1,586",,,,
The Shore,2,2,FALSE,B9,https://drive.google.com/file/d/1ri-AzFl2Ry7EsoDJhP0fhmmk_UQxhl8X/view?usp=drive_link,https://drive.google.com/uc?export=view&id=1ri-AzFl2Ry7EsoDJhP0fhmmk_UQxhl8X,"1,547",,,,
The Shore,2,2,FALSE,B10,https://drive.google.com/file/d/1VDCj5MyoexKd9xNP9bizy6spb_3VwXPj/view?usp=drive_link,https://drive.google.com/uc?export=view&id=1VDCj5MyoexKd9xNP9bizy6spb_3VwXPj,"1,308",,,,
The Shore,2,2,FALSE,E1,https://drive.google.com/file/d/1Qqx1rmf5nYdQ6_kemrgMKiaAVTiO4kUh/view?usp=drive_link,https://drive.google.com/uc?export=view&id=1Qqx1rmf5nYdQ6_kemrgMKiaAVTiO4kUh,"1,945",,,,
The Shore,2,2,FALSE,E2,https://drive.google.com/file/d/1JJjOcscRbX79bNzaoz5iaBfgvTlmSG8h/view?usp=drive_link,https://drive.google.com/uc?export=view&id=1JJjOcscRbX79bNzaoz5iaBfgvTlmSG8h,"1,878",,,,
The Shore,2,2,FALSE,E3,https://drive.google.com/file/d/1wO92BNVk-tipCYgHxAzBh-I0stuCYga4/view?usp=drive_link,https://drive.google.com/uc?export=view&id=1wO92BNVk-tipCYgHxAzBh-I0stuCYga4,"2,134",,,,
The Shore,2,2,FALSE,E4,https://drive.google.com/file/d/1E7QZBJ585NW7FPmjc1QfQxfgJucSKPBX/view?usp=drive_link,https://drive.google.com/uc?export=view&id=1E7QZBJ585NW7FPmjc1QfQxfgJucSKPBX,"1,882",,,,
The Shore,2,2.5,FALSE,E5,https://drive.google.com/file/d/1gP6M_-x3YNpL6dssYVDxt3cogdF6s0HN/view?usp=drive_link,https://drive.google.com/uc?export=view&id=1gP6M_-x3YNpL6dssYVDxt3cogdF6s0HN,"2,481",,,,
The Shore,2,2.5,FALSE,E6,https://drive.google.com/file/d/12fKVAfM5vvrhBOEIZC4g8h2wK0YCT0cy/view?usp=drive_link,https://drive.google.com/uc?export=view&id=12fKVAfM5vvrhBOEIZC4g8h2wK0YCT0cy,"3,077",,,,
Milago,1,1,FALSE,748,https://drive.google.com/file/d/1TYOlFofEa2lTVjvQG9LEn_BMW2FwtPl1/view?usp=drive_link,https://drive.google.com/uc?export=view&id=1TYOlFofEa2lTVjvQG9LEn_BMW2FwtPl1,845-950 (748),,,,
Milago,1,1,FALSE,756,https://drive.google.com/file/d/17RnAQMz6RRYwZGsB53jHlXy-xylnKyOD/view?usp=drive_link,https://drive.google.com/uc?export=view&id=17RnAQMz6RRYwZGsB53jHlXy-xylnKyOD,826 (756),,,,
Milago,1,1,FALSE,756 A,https://drive.google.com/file/d/1uOE5C4R4cBE0dBZMSMdU_Rl-yoa05jqJ/view?usp=drive_link,https://drive.google.com/uc?export=view&id=1uOE5C4R4cBE0dBZMSMdU_Rl-yoa05jqJ,826 (756),,,,
Milago,1,1,FALSE,781,https://drive.google.com/file/d/1fHBcRbIhZ_CrGJkdPhye4B0JlAGVLzfm/view?usp=drive_link,https://drive.google.com/uc?export=view&id=1fHBcRbIhZ_CrGJkdPhye4B0JlAGVLzfm,846 (781),,,,
Milago,1,1,TRUE,852,"https://drive.google.com/file/d/1d6fuXrHMT9u32A_uSiHe_Tcf-MzgRlEc/view?usp=drive_link,%20https://drive.google.com/file/d/1yBmiAgvL99ul1s08k5tO2yv1y6cVcAhW/view?usp=drive_link",https://drive.google.com/uc?export=view&id=1d6fuXrHMT9u32A_uSiHe_Tcf-MzgRlEc,852,,,,
Milago,1,1,TRUE,865,https://drive.google.com/file/d/1qTOF6qwNR6NZSgBZ56ftE9eXGqaTOBvf/view?usp=drive_link,https://drive.google.com/uc?export=view&id=1qTOF6qwNR6NZSgBZ56ftE9eXGqaTOBvf,865,,,,
Milago,1,1,TRUE,865 A,https://drive.google.com/file/d/1iqudkHii33RVw578rVfkCqsFhRzl0cdy/view?usp=drive_link,https://drive.google.com/uc?export=view&id=1iqudkHii33RVw578rVfkCqsFhRzl0cdy,865,,,,
Milago,1,1,TRUE,875,https://drive.google.com/file/d/1H_onDCrzCTXHAermkkTM_Cd-QoH6AZH_/view?usp=drive_link,https://drive.google.com/uc?export=view&id=1H_onDCrzCTXHAermkkTM_Cd-QoH6AZH_,875,,,,
Milago,1,1,TRUE,891,https://drive.google.com/file/d/1UgjGabDn-JgU_SnUowMfRYfw9aR5kJWJ/view?usp=drive_link,https://drive.google.com/uc?export=view&id=1UgjGabDn-JgU_SnUowMfRYfw9aR5kJWJ,891,,,,
Milago,1,1,TRUE,893,https://drive.google.com/file/d/1Hik-0Vaie7ucijTjZ52jVpkXyCsFzgjY/view?usp=drive_link,https://drive.google.com/uc?export=view&id=1Hik-0Vaie7ucijTjZ52jVpkXyCsFzgjY,893,,,,
Milago,1,1,TRUE,900,https://drive.google.com/file/d/15ACdjupYTCETCA2OHjINgcBTF8kso7l4/view?usp=drive_link,https://drive.google.com/uc?export=view&id=15ACdjupYTCETCA2OHjINgcBTF8kso7l4,900,,,,
Milago,1,1,TRUE,"1,097",https://drive.google.com/file/d/1yBmiAgvL99ul1s08k5tO2yv1y6cVcAhW/view?usp=drive_link,https://drive.google.com/uc?export=view&id=1yBmiAgvL99ul1s08k5tO2yv1y6cVcAhW,"1,097",,,,
Milago,2,2,FALSE,1157,https://drive.google.com/file/d/1xQ4YS8Z5Hu6slvjJrgUwF6gdUo-w5E1Y/view?usp=drive_link,https://drive.google.com/uc?export=view&id=1xQ4YS8Z5Hu6slvjJrgUwF6gdUo-w5E1Y,"1,157",,,,
Milago,2,2,FALSE,1164,https://drive.google.com/file/d/1RH0LB7ogKHoV5yGgz697yMQ9mA8bYDAl/view?usp=drive_link,https://drive.google.com/uc?export=view&id=1RH0LB7ogKHoV5yGgz697yMQ9mA8bYDAl,"1,164",,,,
Milago,2,2,FALSE,1164 A,https://drive.google.com/file/d/12KJ--olbhur0V4IcHCPu_aYacBhMuWOo/view?usp=drive_link,https://drive.google.com/uc?export=view&id=12KJ--olbhur0V4IcHCPu_aYacBhMuWOo,"1,164",,,,
Milago,2,2,FALSE,1164 B,https://drive.google.com/file/d/13dwsqRTUffkse0vGRrr-cVdrINxY8c0T/view?usp=drive_link,https://drive.google.com/uc?export=view&id=13dwsqRTUffkse0vGRrr-cVdrINxY8c0T,"1,164",,,,
Milago,2,2,FALSE,1164 C,https://drive.google.com/file/d/16myz0uCMt_10TFmypuLUsxzbF4N2JFrx/view?usp=drive_link,https://drive.google.com/uc?export=view&id=16myz0uCMt_10TFmypuLUsxzbF4N2JFrx,"1,164",,,,
Milago,2,2,FALSE,1164 D,https://drive.google.com/file/d/1aLTqJUjq0mfb3Or5nAmlsVCYVTPyXO6_/view?usp=drive_link,https://drive.google.com/uc?export=view&id=1aLTqJUjq0mfb3Or5nAmlsVCYVTPyXO6_,"1,164",,,,
Milago,2,2,FALSE,1164 E,https://drive.google.com/file/d/1tSJcYd_r4yP4Ck8gOo19yF5pWAa0GJiS/view?usp=drive_link,https://drive.google.com/uc?export=view&id=1tSJcYd_r4yP4Ck8gOo19yF5pWAa0GJiS,"1,164",,,,
Milago,2,2,FALSE,1164 F,https://drive.google.com/file/d/1wKo6x5jpU-PlEbW-p24TYACJf6IIfZNA/view?usp=drive_link,https://drive.google.com/uc?export=view&id=1wKo6x5jpU-PlEbW-p24TYACJf6IIfZNA,"1,164",,,,
Milago,2,2,FALSE,1189,https://drive.google.com/file/d/1m3E-MiWMERm5NF4C7Vz1l__KdwGjkCwq/view?usp=drive_link,https://drive.google.com/uc?export=view&id=1m3E-MiWMERm5NF4C7Vz1l__KdwGjkCwq,"1,189",,,,
Milago,2,2,FALSE,1216,https://drive.google.com/file/d/1Ky0Ae4-r2BMRdrV4ZKdjlds3e5z4biGW/view?usp=drive_link,https://drive.google.com/uc?export=view&id=1Ky0Ae4-r2BMRdrV4ZKdjlds3e5z4biGW,"1,216",,,,
Milago,2,2,FALSE,1289,https://drive.google.com/file/d/1-_gYDCsJYHt4yunCCIefWfUz3tM6RwZN/view?usp=drive_link,https://drive.google.com/uc?export=view&id=1-_gYDCsJYHt4yunCCIefWfUz3tM6RwZN,"1,289",,,,
Milago,2,2,FALSE,1650,https://drive.google.com/file/d/1SsorfIweF_UWwtojm9_pRlALl0y8EGXZ/view?usp=drive_link,https://drive.google.com/uc?export=view&id=1SsorfIweF_UWwtojm9_pRlALl0y8EGXZ,"1,650",,,,
Milago,2,2,TRUE,1332,https://drive.google.com/file/d/1DIe1ehSXO5cX3qHQO45FOQnss97wg-Y6/view?usp=drive_link,https://drive.google.com/uc?export=view&id=1DIe1ehSXO5cX3qHQO45FOQnss97wg-Y6,"1,332",,,,
Milago,2,2,TRUE,1341,https://drive.google.com/file/d/1hkn9tZV4jXVf9ZC7581dOLfuq6Oou0Bb/view?usp=drive_link,https://drive.google.com/uc?export=view&id=1hkn9tZV4jXVf9ZC7581dOLfuq6Oou0Bb,"1,341",,,,
Milago,2,2,TRUE,1956,https://drive.google.com/file/d/1bKmhrOO-LKakXue_xfldTCEUdDvweeYi/view?usp=drive_link,https://drive.google.com/uc?export=view&id=1bKmhrOO-LKakXue_xfldTCEUdDvweeYi,"1,956",,,,
Milago,2,2,TRUE,2418,https://drive.google.com/file/d/1QkQ5Nx0y4Ic2Zzefk9saa0J8OtwxVA7e/view?usp=drive_link,https://drive.google.com/uc?export=view&id=1QkQ5Nx0y4Ic2Zzefk9saa0J8OtwxVA7e,"2,418",,,,
Milago,2,2.5,TRUE,1651,https://drive.google.com/file/d/13Dp4lXD3rHCFAIG8dd4gP7SCGXFACBWR/view?usp=drive_link,https://drive.google.com/uc?export=view&id=13Dp4lXD3rHCFAIG8dd4gP7SCGXFACBWR,1651,,,,
Milago,3,2,FALSE,1577,https://drive.google.com/file/d/1JGdzTipjz7AhyZ_oBGHqwdE5Qo4k5hDQ/view?usp=drive_link,https://drive.google.com/uc?export=view&id=1JGdzTipjz7AhyZ_oBGHqwdE5Qo4k5hDQ,1577,,,,
Milago,3,3,FALSE,1927,https://drive.google.com/file/d/1794L4G22KWKHVWxlZiJmxCpBiSKETX_j/view?usp=drive_link,https://drive.google.com/uc?export=view&id=1794L4G22KWKHVWxlZiJmxCpBiSKETX_j,1927,,,,
Milago,3,3,FALSE,2120,https://drive.google.com/file/d/1amE13cPyGcUwX4MelsjzlzfgOkKt-rQg/view?usp=drive_link,https://drive.google.com/uc?export=view&id=1amE13cPyGcUwX4MelsjzlzfgOkKt-rQg,2120,,,,
Sabine on 5th,1,1,FALSE,PLAN B,https://drive.google.com/file/d/1xi5vGWClE2U6YK4DzfarRtU_qmlPU3q-/view?usp=drive_link,https://drive.google.com/uc?export=view&id=1xi5vGWClE2U6YK4DzfarRtU_qmlPU3q-,753,,,,
Sabine on 5th,1,1,FALSE,PLAN C,https://drive.google.com/file/d/1aTRXVnss7VwDri5VwZs71j525i2mbLE1/view?usp=drive_link,https://drive.google.com/uc?export=view&id=1aTRXVnss7VwDri5VwZs71j525i2mbLE1,693,,,,
Sabine on 5th,1,1,FALSE,PLAN C - H.C.,https://drive.google.com/file/d/1BrONe3YX_8YWbYPw5h-GeiU6zUw_NZgm/view?usp=drive_link,https://drive.google.com/uc?export=view&id=1BrONe3YX_8YWbYPw5h-GeiU6zUw_NZgm,693,,,,
Sabine on 5th,1,1,FALSE,PLAN D,https://drive.google.com/file/d/1t4BjXxMVSddp675RcftW5dgwcL2V-OI3/view?usp=drive_link,https://drive.google.com/uc?export=view&id=1t4BjXxMVSddp675RcftW5dgwcL2V-OI3,728,,,,
Sabine on 5th,1,1,FALSE,PLAN F,https://drive.google.com/file/d/1SU0JL7zRFJEft6Zn7zIadSp-kBhZKBQI/view?usp=drive_link,https://drive.google.com/uc?export=view&id=1SU0JL7zRFJEft6Zn7zIadSp-kBhZKBQI,877,,,,
Sabine on 5th,1,1,FALSE,PLAN H,https://drive.google.com/file/d/1B3fbQA0-y91SiwwGJgSvfw-9FtZprRwC/view?usp=drive_link,https://drive.google.com/uc?export=view&id=1B3fbQA0-y91SiwwGJgSvfw-9FtZprRwC,951,,,,
Sabine on 5th,1,1,FALSE,PLAN I,https://drive.google.com/file/d/1k48a85F96Zx5mvJEGGm9GxtyKvanCLUx/view?usp=drive_link,https://drive.google.com/uc?export=view&id=1k48a85F96Zx5mvJEGGm9GxtyKvanCLUx,916,,,,
Sabine on 5th,1,1,FALSE,PLAN J,https://drive.google.com/file/d/1YgzoE_OYJpxV5yt8MWCkxlfH4soTmvXO/view?usp=drive_link,https://drive.google.com/uc?export=view&id=1YgzoE_OYJpxV5yt8MWCkxlfH4soTmvXO,628,,,,
Sabine on 5th,1,1,FALSE,PLAN K,https://drive.google.com/file/d/1i6NFSdZIYR82rqMwtYzwjT7LQE5JcfoU/view?usp=drive_link,https://drive.google.com/uc?export=view&id=1i6NFSdZIYR82rqMwtYzwjT7LQE5JcfoU,729,,,,
Sabine on 5th,1,1,FALSE,PLAN I,https://drive.google.com/file/d/1gyHNxV8O3ISD4fXJhDheLtg0rsabr5rU/view?usp=drive_link,https://drive.google.com/uc?export=view&id=1gyHNxV8O3ISD4fXJhDheLtg0rsabr5rU,916,,,,
Sabine on 5th,1,1,FALSE,PLAN J,https://drive.google.com/file/d/1CCfMMfNxZLNb3kdGaAeh78FY39Vg3O4L/view?usp=drive_link,https://drive.google.com/uc?export=view&id=1CCfMMfNxZLNb3kdGaAeh78FY39Vg3O4L,628,,,,
Sabine on 5th,1,1,FALSE,PLAN K,https://drive.google.com/file/d/1rMsqwtH1BF8BBWBRHA28DsXZ8D3qikKY/view?usp=drive_link,https://drive.google.com/uc?export=view&id=1rMsqwtH1BF8BBWBRHA28DsXZ8D3qikKY,729,,,,
Sabine on 5th,1,1,FALSE,PLAN M,https://drive.google.com/file/d/1waX9EZFjUpyjg6LRRk329ONNnt7YxQ19/view?usp=drive_link,https://drive.google.com/uc?export=view&id=1waX9EZFjUpyjg6LRRk329ONNnt7YxQ19,923,,,,
Sabine on 5th,1,1,FALSE,PLAN P,https://drive.google.com/file/d/1b0__NXxbtFYvqSeaBqBgjUyy6hHcnbgi/view?usp=drive_link,https://drive.google.com/uc?export=view&id=1b0__NXxbtFYvqSeaBqBgjUyy6hHcnbgi,734,,,,
Sabine on 5th,1,1,FALSE,PLAN R,https://drive.google.com/file/d/1087qqygkGxLTR-M2-OioTz8UlCieTK1M/view?usp=drive_link,https://drive.google.com/uc?export=view&id=1087qqygkGxLTR-M2-OioTz8UlCieTK1M,711,,,,
Sabine on 5th,1,1,FALSE,PLAN S,,#N/A,744,,,,
Sabine on 5th,2,2,FALSE,PLAN A,https://drive.google.com/file/d/1o1m-H-dXApMKjY6murj0jMmXLmo0YgCo/view?usp=drive_link,https://drive.google.com/uc?export=view&id=1o1m-H-dXApMKjY6murj0jMmXLmo0YgCo,"1,454",,,,
Sabine on 5th,2,2,FALSE,PLAN E,,#N/A,,,,,
Sabine on 5th,2,2,FALSE,PLAN G,https://drive.google.com/file/d/1UDpwgSNfiW7zPnhE8__4HSdE9WRuZMiB/view?usp=drive_link,https://drive.google.com/uc?export=view&id=1UDpwgSNfiW7zPnhE8__4HSdE9WRuZMiB,"1,426",,,,
Sabine on 5th,2,2,FALSE,PLAN L – H.C,https://drive.google.com/file/d/1U8Btd0JMesLAgXFQsnC39l5ypU8vXdMh/view?usp=drive_link,https://drive.google.com/uc?export=view&id=1U8Btd0JMesLAgXFQsnC39l5ypU8vXdMh,"1,462",,,,
Sabine on 5th,2,2,FALSE,PLAN N,https://drive.google.com/file/d/19R7rox1WBPfC8-xcY31fNqcpOelqDLLX/view?usp=drive_link,https://drive.google.com/uc?export=view&id=19R7rox1WBPfC8-xcY31fNqcpOelqDLLX,"1,419",,,,
Sabine on 5th,2,2,FALSE,PLAN Q,https://drive.google.com/file/d/1HoplfWm5GNHF8-7DHGhBF_kDHrbOsOgK/view?usp=drive_link,https://drive.google.com/uc?export=view&id=1HoplfWm5GNHF8-7DHGhBF_kDHrbOsOgK,"1,460",,,,
Vesper,1,1,FALSE,A1,https://drive.google.com/file/d/1SXlPZ7EGlRoguUjJDENNK0e0j25Wf8XX/view?usp=drive_link,https://drive.google.com/uc?export=view&id=1SXlPZ7EGlRoguUjJDENNK0e0j25Wf8XX,667,,,,
Vesper,1,1,FALSE,A3,https://drive.google.com/file/d/1wO0o6xQf1DohvHp-FqGd7elu0Bfc0SMV/view?usp=drive_link,https://drive.google.com/uc?export=view&id=1wO0o6xQf1DohvHp-FqGd7elu0Bfc0SMV,697,,,,
Vesper,1,1,FALSE,A5,https://drive.google.com/file/d/1DiV1DNZ5U23hMZpOUypKik_BUZR292YS/view?usp=drive_link,https://drive.google.com/uc?export=view&id=1DiV1DNZ5U23hMZpOUypKik_BUZR292YS,701,,,,
Vesper,1,1,FALSE,A6,https://drive.google.com/file/d/1v-aFg6y6c2hje28u0wWliot8roLxEjUP/view?usp=drive_link,https://drive.google.com/uc?export=view&id=1v-aFg6y6c2hje28u0wWliot8roLxEjUP,727,,,,
Vesper,1,1,FALSE,A9,https://drive.google.com/file/d/1X3RKXwcLDjT1bYH3U21lRaHFZTPmoguN/view?usp=drive_link,https://drive.google.com/uc?export=view&id=1X3RKXwcLDjT1bYH3U21lRaHFZTPmoguN,858,,,,
Vesper,1,1,FALSE,A10,https://drive.google.com/file/d/1_YWJKS6beaHQHoWMjGzAPwN6HCf4W90y/view?usp=drive_link,https://drive.google.com/uc?export=view&id=1_YWJKS6beaHQHoWMjGzAPwN6HCf4W90y,892,,,,
Vesper,1,1,FALSE,A11,https://drive.google.com/file/d/1qI0Ia6S7I6MACwcMjcBHVAonu76IwjMX/view?usp=drive_link,https://drive.google.com/uc?export=view&id=1qI0Ia6S7I6MACwcMjcBHVAonu76IwjMX,908,,,,
Vesper,1,1,FALSE,A12,https://drive.google.com/file/d/1rLZedCxZ-5JWrUYDctLoI6eSZWMFLAum/view?usp=drive_link,https://drive.google.com/uc?export=view&id=1rLZedCxZ-5JWrUYDctLoI6eSZWMFLAum,911,,,,
Vesper,1,1,FALSE,A13,https://drive.google.com/file/d/16O48OXool_YWddxkcnN-2HfG_tTQhIJm/view?usp=drive_link,https://drive.google.com/uc?export=view&id=16O48OXool_YWddxkcnN-2HfG_tTQhIJm,920,,,,
Vesper,1,1,FALSE,A14,https://drive.google.com/file/d/1ofZzATESN-1mcBeJnhhUi5Wx4oY48XIS/view?usp=drive_link,https://drive.google.com/uc?export=view&id=1ofZzATESN-1mcBeJnhhUi5Wx4oY48XIS,"1,058",,,,
Vesper,1,1,FALSE,A15,https://drive.google.com/file/d/1enBfGhrFMs_8F7RIs78LdiapIFIIRYny/view?usp=drive_link,https://drive.google.com/uc?export=view&id=1enBfGhrFMs_8F7RIs78LdiapIFIIRYny,"1,073",,,,
Vesper,1,1,FALSE,A16,https://drive.google.com/file/d/1x94ol6QcCbVbx5q22v7Sk1C416E28dRB/view?usp=drive_link,https://drive.google.com/uc?export=view&id=1x94ol6QcCbVbx5q22v7Sk1C416E28dRB,"1,074",,,,
Vesper,2,2,FALSE,B1,https://drive.google.com/file/d/1fkwpIi7NOlQGsaZr0lHLcUxvzzGJeqeO/view?usp=drive_link,https://drive.google.com/uc?export=view&id=1fkwpIi7NOlQGsaZr0lHLcUxvzzGJeqeO,941,,,,
Vesper,2,2,FALSE,B2,https://drive.google.com/file/d/1zUF5ZOsneasM39Fumx_IGG8lj5kdrraT/view?usp=drive_link,https://drive.google.com/uc?export=view&id=1zUF5ZOsneasM39Fumx_IGG8lj5kdrraT,969,,,,
Vesper,2,2,FALSE,B5,https://drive.google.com/file/d/1lc0aqKyyxYMs1TqugIo9jdfdGOV54evU/view?usp=drive_link,https://drive.google.com/uc?export=view&id=1lc0aqKyyxYMs1TqugIo9jdfdGOV54evU,"1,176",,,,
Vesper,2,2,FALSE,B4,https://drive.google.com/file/d/1wLtRuobENzERsfg7JgcKuRf6Cu4iWKZm/view?usp=drive_link,https://drive.google.com/uc?export=view&id=1wLtRuobENzERsfg7JgcKuRf6Cu4iWKZm,"1,176",,,,
Vesper,2,2,FALSE,B6,https://drive.google.com/file/d/139OBX3r38b9p-87GeSnHavv5-lKdg5XF/view?usp=drive_link,https://drive.google.com/uc?export=view&id=139OBX3r38b9p-87GeSnHavv5-lKdg5XF,"1,224",,,,
Vesper,2,2,FALSE,B7,https://drive.google.com/file/d/1PgpooPKludj3O_cIZWDyMH769c31wzjp/view?usp=drive_link,https://drive.google.com/uc?export=view&id=1PgpooPKludj3O_cIZWDyMH769c31wzjp,"1,240",,,,
Vesper,2,2,FALSE,B8,https://drive.google.com/file/d/1pMc-67Qv7WQdxn6x2Tvg6z6w4oZovOTP/view?usp=drive_link,https://drive.google.com/uc?export=view&id=1pMc-67Qv7WQdxn6x2Tvg6z6w4oZovOTP,"1,293",,,,
Vesper,2,2,FALSE,B9,https://drive.google.com/file/d/1zBy-2OhHYjU52b5_JDei8EVrOhiUYaed/view?usp=drive_link,https://drive.google.com/uc?export=view&id=1zBy-2OhHYjU52b5_JDei8EVrOhiUYaed,"1,444",,,,
The Modern,1,1,FALSE,A1EN ,https://drive.google.com/file/d/1z-Fcw5zTnbS95pfiv0JsfXLo8jo5gUWM/view?usp=drive_link,https://drive.google.com/uc?export=view&id=1z-Fcw5zTnbS95pfiv0JsfXLo8jo5gUWM,563-567,E,,,
The Modern,1,1,FALSE,A1.1EN,https://drive.google.com/file/d/14j6ZsDYmNwbpirkzlZ-2XHybFXu-0Y0h/view?usp=drive_link,https://drive.google.com/uc?export=view&id=14j6ZsDYmNwbpirkzlZ-2XHybFXu-0Y0h,626-638,E,,,
The Modern,1,1,FALSE,A1ES ,https://drive.google.com/file/d/1Z7HHKzKsVqQ5pyGYFRUQERRcUr8TsL63/view?usp=drive_link,https://drive.google.com/uc?export=view&id=1Z7HHKzKsVqQ5pyGYFRUQERRcUr8TsL63,614,E,,,
The Modern,1,1,FALSE,A1WN ,https://drive.google.com/file/d/1AitWQI_QnQl_pBh0LdeuJiwWFBXdaxu-/view?usp=drive_link,https://drive.google.com/uc?export=view&id=1AitWQI_QnQl_pBh0LdeuJiwWFBXdaxu-,621,W,,,
The Modern,1,1,FALSE,A1WS ,https://drive.google.com/file/d/1sMeFAJV5NVeo0HP9jggDL6Kv50xkamGR/view?usp=drive_link,https://drive.google.com/uc?export=view&id=1sMeFAJV5NVeo0HP9jggDL6Kv50xkamGR,621,W,,,
The Modern,1,1,FALSE,A2 ,https://drive.google.com/file/d/1VztizhxCk1_Ug0XZe3OjCraavCD7E14y/view?usp=drive_link,https://drive.google.com/uc?export=view&id=1VztizhxCk1_Ug0XZe3OjCraavCD7E14y,613,N,,,
The Modern,1,1,FALSE,A3NE ,https://drive.google.com/file/d/1A-M1TWVeBFzyapy5YfBgjMtZoC5HHp2J/view?usp=drive_link,https://drive.google.com/uc?export=view&id=1A-M1TWVeBFzyapy5YfBgjMtZoC5HHp2J,653,N,,,
The Modern,1,1,FALSE,A3.1NE ,https://drive.google.com/file/d/1XmcpJAZG5y5P4rsEJR6c8BpgMGmzo5zk/view?usp=drive_link,https://drive.google.com/uc?export=view&id=1XmcpJAZG5y5P4rsEJR6c8BpgMGmzo5zk,662,N,,,
The Modern,1,1,FALSE,A3NW ,https://drive.google.com/file/d/1YIw6ezgDVY1soimhex9ncCvx1C2jb6uN/view?usp=drive_link,https://drive.google.com/uc?export=view&id=1YIw6ezgDVY1soimhex9ncCvx1C2jb6uN,660,N,,,
The Modern,2,2,FALSE,B1N ,https://drive.google.com/file/d/1jVGKxIzePMRSlDIds32MgJTBFup-7skK/view?usp=drive_link,https://drive.google.com/uc?export=view&id=1jVGKxIzePMRSlDIds32MgJTBFup-7skK,961,N,,,
The Modern,2,2,FALSE,B1SE ,https://drive.google.com/file/d/1VSsjVWo8TCPXZefO4oI_cn11sEOeocq3/view?usp=drive_link,https://drive.google.com/uc?export=view&id=1VSsjVWo8TCPXZefO4oI_cn11sEOeocq3,978,S,,,
The Modern,2,2,FALSE,B1SW ,https://drive.google.com/file/d/1190vImDJ7je2qugrMbI-TQRRH2aiiaX7/view?usp=drive_link,https://drive.google.com/uc?export=view&id=1190vImDJ7je2qugrMbI-TQRRH2aiiaX7,978,S,,,
The Modern,2,2,FALSE,B2-NE,https://drive.google.com/file/d/1cSEM4BQsneqpZVxwhycttgzKDbgBV3S5/view?usp=drive_link,https://drive.google.com/uc?export=view&id=1cSEM4BQsneqpZVxwhycttgzKDbgBV3S5,"1,178",NEc,,,
The Modern,2,2,FALSE,B2-NW,https://drive.google.com/file/d/10G5iT5OPWbbAr6uZAjSerKs93nkw59Xc/view?usp=drive_link,https://drive.google.com/uc?export=view&id=10G5iT5OPWbbAr6uZAjSerKs93nkw59Xc,"1,174",NWc,,,
The Modern,2,2,FALSE,B2-SE ,https://drive.google.com/file/d/1OA6lAc6SieQulZVO3g4KOY-SH0WG_vdP/view?usp=drive_link,https://drive.google.com/uc?export=view&id=1OA6lAc6SieQulZVO3g4KOY-SH0WG_vdP,"1,166",SEc,,,
The Modern,2,2,FALSE,B2-SW,https://drive.google.com/file/d/1erTnqSK4N_Tun4uN4l7pmvR5JHg-nwfO/view?usp=drive_link,https://drive.google.com/uc?export=view&id=1erTnqSK4N_Tun4uN4l7pmvR5JHg-nwfO,"1,127",SWc,,,
The Modern,2,2,FALSE,B2.1-NE,https://drive.google.com/file/d/1iyJaRnW_BPaoeToZ2BJoK7u1JMaGh3DM/view?usp=drive_link,https://drive.google.com/uc?export=view&id=1iyJaRnW_BPaoeToZ2BJoK7u1JMaGh3DM,"1,196",NEc,,,
The Modern,2,2,FALSE,B3 ,https://drive.google.com/file/d/1OVFdwG5flqiUQZHDIIaihxfsFkd0MMmb/view?usp=drive_link,https://drive.google.com/uc?export=view&id=1OVFdwG5flqiUQZHDIIaihxfsFkd0MMmb,"1,265",S,,,
The Modern,3,3,FALSE,C0N ,https://drive.google.com/file/d/1K7ErkUCWiXsDEToIM4Xb_1fifvB-rsk3/view?usp=drive_link,https://drive.google.com/uc?export=view&id=1K7ErkUCWiXsDEToIM4Xb_1fifvB-rsk3,"1,820",NEc,,,
The Modern,3,3,FALSE,C0S ,https://drive.google.com/file/d/1ms3OH-mIsMyPaYn9Qfcu8vCXVdIppn55/view?usp=drive_link,https://drive.google.com/uc?export=view&id=1ms3OH-mIsMyPaYn9Qfcu8vCXVdIppn55,"1,835",SEc,,,
The Modern,3,3,FALSE,C1 ,https://drive.google.com/file/d/1-JnciDQLz4ahwLFtNgHTf7pP0vE30xZt/view?usp=drive_link,https://drive.google.com/uc?export=view&id=1-JnciDQLz4ahwLFtNgHTf7pP0vE30xZt,"1,951",SEc,,,
The Modern,3,3,FALSE,C1.1 ,https://drive.google.com/file/d/1AwYopwYm_CVffOPuwFsGsHXR2eZ1FMZV/view?usp=drive_link,https://drive.google.com/uc?export=view&id=1AwYopwYm_CVffOPuwFsGsHXR2eZ1FMZV,"1,905",SEc,,,
The Modern,3,3.5,FALSE,C2 ,https://drive.google.com/file/d/1GhqFC9rYm3f5UdnhCfHje-no5z63Aiuk/view?usp=drive_link,https://drive.google.com/uc?export=view&id=1GhqFC9rYm3f5UdnhCfHje-no5z63Aiuk,"2,324",NWc,,,
The Modern,3,3.5,FALSE,C3 ,https://drive.google.com/file/d/1DeQxrYO-nFT86PT5zUCR1D2UryPboXu_/view?usp=drive_link,https://drive.google.com/uc?export=view&id=1DeQxrYO-nFT86PT5zUCR1D2UryPboXu_,"2,548",NWc,,,
The Modern,4,4.5,FALSE,SUB-PHN.1,https://drive.google.com/file/d/1MVOBgSmSDvrsCTeho-Pk7tC6OH4Fm1oB/view?usp=drive_link,https://drive.google.com/uc?export=view&id=1MVOBgSmSDvrsCTeho-Pk7tC6OH4Fm1oB,"4,927",NEWc,,,
The Modern,4,4.5,FALSE,SUB-PHN,https://drive.google.com/file/d/1w2Xr-qQfXOBpVt9bVgrEphnt1dDsC6Ss/view?usp=drive_link,https://drive.google.com/uc?export=view&id=1w2Xr-qQfXOBpVt9bVgrEphnt1dDsC6Ss,"4,979",NEWc,,,
The Modern,4,4.5,FALSE,SUB-PHS,https://drive.google.com/file/d/1F1eJOf6uQkh67ZYbmDWPqb4sOzKGx4Vd/view?usp=drive_link,https://drive.google.com/uc?export=view&id=1F1eJOf6uQkh67ZYbmDWPqb4sOzKGx4Vd,"5,334",SEWc,,,
The Modern,4,5.5,FALSE,PH55N,https://drive.google.com/file/d/1YUbb4wPYTQbAOEmFxkQagBe2pQqHNC8_/view?usp=drive_link,https://drive.google.com/uc?export=view&id=1YUbb4wPYTQbAOEmFxkQagBe2pQqHNC8_,"6,236",NEWc,,,
The Modern,5,5,FALSE,D3 ,https://drive.google.com/file/d/1RDYv8zCicerbzo-iCWnbo2imXN7cBI-S/view?usp=drive_link,https://drive.google.com/uc?export=view&id=1RDYv8zCicerbzo-iCWnbo2imXN7cBI-S,"3,216",SEc,,,
The Modern,5,5.5,FALSE,D1,https://drive.google.com/file/d/1nTiXYNR4yrD40TKqtArkElAq5oavlWAO/view?usp=drive_link,https://drive.google.com/uc?export=view&id=1nTiXYNR4yrD40TKqtArkElAq5oavlWAO,"3,285",NWc,,,
The Modern,5,5.5,FALSE,D2 ,https://drive.google.com/file/d/1DCy_ARTAQnzPuiGHYPCNjKZZFq2Caf5p/view?usp=drive_link,https://drive.google.com/uc?export=view&id=1DCy_ARTAQnzPuiGHYPCNjKZZFq2Caf5p,"3,765",SWc,,,
The Linden,1,1,FALSE,Residence A1,https://drive.google.com/file/d/14NqUXBU0S5J6IF1voh9hiz1-xO0b13Dc/view?usp=sharing,https://drive.google.com/uc?export=view&id=14NqUXBU0S5J6IF1voh9hiz1-xO0b13Dc,850,,,,
The Linden,1,1,FALSE,Residence A2,https://drive.google.com/file/d/1vAx1BuJkUVW2D06oSohl_ds-V0L0vv-c/view?usp=sharing,https://drive.google.com/uc?export=view&id=1vAx1BuJkUVW2D06oSohl_ds-V0L0vv-c,772,,,,
The Linden,1,2,TRUE,Residence B1,https://drive.google.com/file/d/112zhzs10WYo_iiEtI_ZPAY6DRO1hyDS5/view?usp=sharing,https://drive.google.com/uc?export=view&id=112zhzs10WYo_iiEtI_ZPAY6DRO1hyDS5,942,,,,
The Linden,1,2,TRUE,Residence B2,https://drive.google.com/file/d/12im4KQnwm33beHifJ3hPdR5Ek9ytoy3d/view?usp=sharing,https://drive.google.com/uc?export=view&id=12im4KQnwm33beHifJ3hPdR5Ek9ytoy3d,"1,130",,,,
The Linden,2,2,FALSE,Residence C1,https://drive.google.com/file/d/15XAHlohHO7-TuRLs-I9UHjggBd5EXn_X/view?usp=sharing,https://drive.google.com/uc?export=view&id=15XAHlohHO7-TuRLs-I9UHjggBd5EXn_X,"1,251",,,,
The Linden,2,2,TRUE,Residence D1,https://drive.google.com/file/d/1sFpeta4MSjg_8LOcRlAyICMOTh3AbppI/view?usp=sharing,https://drive.google.com/uc?export=view&id=1sFpeta4MSjg_8LOcRlAyICMOTh3AbppI,"1,583",,,,
The Linden,3,3,TRUE,Residence E1,https://drive.google.com/file/d/1qlUzfIgt-YMKbO0ziXR-aJKRKh1DS2XX/view?usp=sharing,https://drive.google.com/uc?export=view&id=1qlUzfIgt-YMKbO0ziXR-aJKRKh1DS2XX,"1,930",,,,
The Linden,3,3.5,FALSE,Residence PH1,https://drive.google.com/file/d/1dQXtgS2JsHZdbPb42NTtnP29FUvj3-0w/view?usp=sharing,https://drive.google.com/uc?export=view&id=1dQXtgS2JsHZdbPb42NTtnP29FUvj3-0w,"2,621",,,,
The Linden,3,3.5,FALSE,Residence PH2,https://drive.google.com/file/d/15dnVb128cYDlBONJz3lqcWAOZ60wmnD8/view?usp=sharing,https://drive.google.com/uc?export=view&id=15dnVb128cYDlBONJz3lqcWAOZ60wmnD8,"3,102",,,,
The Linden,3,3.5,FALSE,Residence PH3,https://drive.google.com/file/d/1F_C2Sc0heAO2AeOwEcZOcYmDSvmirakW/view?usp=sharing,https://drive.google.com/uc?export=view&id=1F_C2Sc0heAO2AeOwEcZOcYmDSvmirakW,"3,010",,,,
The Linden,3,3.5,FALSE,Residence PH4,https://drive.google.com/file/d/18vAQR5qDHszWSdwq5hb_61f8Mj04T3zn/view?usp=sharing,https://drive.google.com/uc?export=view&id=18vAQR5qDHszWSdwq5hb_61f8Mj04T3zn,"3,025",,,,
The Linden,3,3.5,FALSE,Residence PH5,https://drive.google.com/file/d/1RXsRWNmCuRNMOfiaz1kmuWPgVeIp2tlE/view?usp=sharing,https://drive.google.com/uc?export=view&id=1RXsRWNmCuRNMOfiaz1kmuWPgVeIp2tlE,"2,965",,,,
Austin Proper,1,1,FALSE,1A,https://drive.google.com/file/d/1CWb-L8m9j_ZOm0t0tuT5l15qk8tdCvEI/view?usp=drive_link,https://drive.google.com/uc?export=view&id=1CWb-L8m9j_ZOm0t0tuT5l15qk8tdCvEI,921,E,"1204, 1404-2704",15,
Austin Proper,1,1,FALSE,1B,https://drive.google.com/file/d/11wacwRJEy7aHcMCgVAadQb0b_tBJKt-L/view?usp=drive_link,https://drive.google.com/uc?export=view&id=11wacwRJEy7aHcMCgVAadQb0b_tBJKt-L,941,E,"1203, 1403-1703",5,
Austin Proper,1,1.5,FALSE,1C,https://drive.google.com/file/d/1OwV2JGhvjQf9niJMHxVchUdxAsmcQXeG/view?usp=drive_link,https://drive.google.com/uc?export=view&id=1OwV2JGhvjQf9niJMHxVchUdxAsmcQXeG,"1,149",W,1200,1,
Austin Proper,2,2.5,FALSE,2A,https://drive.google.com/file/d/1RWJhIakklxJJpSmNpuRKVlO3vKsGZM2z/view?usp=drive_link,https://drive.google.com/uc?export=view&id=1RWJhIakklxJJpSmNpuRKVlO3vKsGZM2z,"1,540",SEc,"1202, 1402-1702",5,
Austin Proper,2,2.5,FALSE,2B,https://drive.google.com/file/d/1itd8F8mpca0BUzW8iYbx7E6CUDc93wZ_/view?usp=drive_link,https://drive.google.com/uc?export=view&id=1itd8F8mpca0BUzW8iYbx7E6CUDc93wZ_,"1,646",NEc,1405-2705,14,
Austin Proper,2,2.5,FALSE,2C+study,https://drive.google.com/file/d/1iEg3w1LIg-nlit8hK5m8NwETO4-A-FZ2/view?usp=drive_link,https://drive.google.com/uc?export=view&id=1iEg3w1LIg-nlit8hK5m8NwETO4-A-FZ2,"1,931",W,1407-2207,9,
Austin Proper,2,2.5,FALSE,2D,https://drive.google.com/file/d/10jx6XmuaGCHcxjdLrgDJynmjXTZq8GX0/view?usp=drive_link,https://drive.google.com/uc?export=view&id=10jx6XmuaGCHcxjdLrgDJynmjXTZq8GX0,"2,142",SWc,2401-2701,4,
Austin Proper,2,2.5,FALSE,2D-T,https://drive.google.com/file/d/10xdH-FzySDcNH_6cQRl-E85Vze3b9hdr/view?usp=drive_link,https://drive.google.com/uc?export=view&id=10xdH-FzySDcNH_6cQRl-E85Vze3b9hdr,"2,142",SW,2301,1,
Austin Proper,2,2.5,FALSE,2E,https://drive.google.com/file/d/1-5gCG6DC7bMvbShpV62p1YJnwQxaHLM7/view?usp=drive_link,https://drive.google.com/uc?export=view&id=1-5gCG6DC7bMvbShpV62p1YJnwQxaHLM7,"2,028",SWc,"1201, 1401-2201",10,
Austin Proper,2,2.5,FALSE,2F,https://drive.google.com/file/d/12i4DcQL5g866C3bYahP_cYafW_AbY64G/view?usp=drive_link,https://drive.google.com/uc?export=view&id=12i4DcQL5g866C3bYahP_cYafW_AbY64G,"2,143",NWc,2306-2706,5,
Austin Proper,3,3.5,FALSE,3C,https://drive.google.com/file/d/1GknWWXPXxypmp901Ctgvd-7gnRIjkm36/view?usp=drive_link,https://drive.google.com/uc?export=view&id=1GknWWXPXxypmp901Ctgvd-7gnRIjkm36,"2,236",NWc,1406-2206,9,
Austin Proper,3,3.5,FALSE,3D,https://drive.google.com/file/d/1ui6G8k_WfWOqxNHavjJ7W-QnEIc5XcYY/view?usp=drive_link,https://drive.google.com/uc?export=view&id=1ui6G8k_WfWOqxNHavjJ7W-QnEIc5XcYY,"2,570",SEc,1802-2702,10,
Austin Proper,3,3.5,FALSE,3E,https://drive.google.com/file/d/1z4yFUsL4zO5qFrEKlwXZ_YMx_WIq3g1o/view?usp=drive_link,https://drive.google.com/uc?export=view&id=1z4yFUsL4zO5qFrEKlwXZ_YMx_WIq3g1o,"2,608",NEc,1205,1,
Austin Proper,4,3.5,FALSE,PHC-T,https://drive.google.com/file/d/1okp2EvGsLBZEGMeWfECqh43sViRnYSF8/view?usp=drive_link,https://drive.google.com/uc?export=view&id=1okp2EvGsLBZEGMeWfECqh43sViRnYSF8,"3,425",NEWc,2802,1,
Austin Proper,4,3.5,FALSE,PHC,https://drive.google.com/file/d/1qambPvZVHNj0tI_xI_tBbC5KKim1mEsH/view?usp=drive_link,https://drive.google.com/uc?export=view&id=1qambPvZVHNj0tI_xI_tBbC5KKim1mEsH,"3,643",NEWc,2902-3102,3,
Austin Proper,4,4.5,FALSE,PHD-T,https://drive.google.com/file/d/1oixBm1n9288hxLhIIStdW0Z6Ud32QMkd/view?usp=drive_link,https://drive.google.com/uc?export=view&id=1oixBm1n9288hxLhIIStdW0Z6Ud32QMkd,"3,425",SEWc,2801,1,
Austin Proper,4,4.5,FALSE,PHD,https://drive.google.com/file/d/1d4nKJhUdVyA7mKOGfd-84a-YI37e3iIG/view?usp=drive_link,https://drive.google.com/uc?export=view&id=1d4nKJhUdVyA7mKOGfd-84a-YI37e3iIG,"3,425",SEWc,2901-3101,3,
Austin Proper,5,4.5,FALSE,GPH-A,https://drive.google.com/file/d/16rO5OTq73D9DuAvEBusrop5MJb65IPiD/view?usp=drive_link,https://drive.google.com/uc?export=view&id=16rO5OTq73D9DuAvEBusrop5MJb65IPiD,"6,789",NEWc,3202,1,
Austin Proper,5,4.5,FALSE,GPH-B,https://drive.google.com/file/d/1UylRDUjvZHd1eKrgjY9I_jMOD7eyYfGj/view?usp=drive_link,https://drive.google.com/uc?export=view&id=1UylRDUjvZHd1eKrgjY9I_jMOD7eyYfGj,"6,379",SEWc,3201,1,